7168137,03/03/2020,1,,0,,,,-35.18115,-65.09386,AR,ARG,Argentina,,
341367,03/04/2020,1,0,0,0,,,-35.18115,-65.09386,AR,ARG,Argentina,,
7168139,03/05/2020,2,1,0,0,,,-35.18115,-65.09386,AR,ARG,Argentina,,
7168142,03/06/2020,8,6,0,0,0,,-35.18115,-65.09386,AR,ARG,Argentina,,
7168144,03/07/2020,9,1,1,1,0,0,-35.18115,-65.09386,AR,ARG,Argentina,,
7168147,03/08/2020,12,3,1,0,0,0,-35.18115,-65.09386,AR,ARG,Argentina,,
7168151,03/09/2020,17,5,1,0,,,-35.18115,-65.09386,AR,ARG,Argentina,,
7168154,03/10/2020,19,2,1,0,0,,-35.18115,-65.09386,AR,ARG,Argentina,,
7168158,03/11/2020,21,2,1,0,0,0,-35.18115,-65.09386,AR,ARG,Argentina,,
7168160,03/12/2020,31,10,1,0,0,0,-35.18115,-65.09386,AR,ARG,Argentina,,
7168163,03/13/2020,34,3,2,1,0,0,-35.18115,-65.09386,AR,ARG,Argentina,,
7168166,03/14/2020,45,11,2,0,0,0,-35.18115,-65.09386,AR,ARG,Argentina,,
7168169,03/15/2020,56,11,2,0,,,-35.18115,-65.09386,AR,ARG,Argentina,,
7168172,03/16/2020,65,9,2,0,3,,-35.18115,-65.09386,AR,ARG,Argentina,,
7168175,03/17/2020,79,14,2,0,3,0,-35.18115,-65.09386,AR,ARG,Argentina,,
7168178,03/18/2020,97,18,2,0,3,0,-35.18115,-65.09386,AR,ARG,Argentina,,
7168181,03/19/2020,128,31,3,1,3,0,-35.18115,-65.09386,AR,ARG,Argentina,,
7168184,03/20/2020,158,30,3,0,3,0,-35.18115,-65.09386,AR,ARG,Argentina,,
7168187,03/21/2020,225,67,4,1,27,24,-35.18115,-65.09386,AR,ARG,Argentina,,
7168190,03/22/2020,266,41,4,0,27,0,-35.18115,-65.09386,AR,ARG,Argentina,,
7168193,03/23/2020,301,35,4,0,27,0,-35.18115,-65.09386,AR,ARG,Argentina,,
7168215,03/24/2020,387,86,6,2,51,24,-35.18115,-65.09386,AR,ARG,Argentina,,
7168218,03/25/2020,502,115,8,2,51,0,-35.18115,-65.09386,AR,ARG,Argentina,,
7168219,03/26/2020,589,87,12,4,51,0,-35.18115,-65.09386,AR,ARG,Argentina,,
7168221,03/27/2020,690,101,17,5,51,0,-35.18115,-65.09386,AR,ARG,Argentina,,
7168224,03/28/2020,745,55,19,2,51,0,-35.18115,-65.09386,AR,ARG,Argentina,,
7168229,03/29/2020,820,75,20,1,51,0,-35.18115,-65.09386,AR,ARG,Argentina,,
7168232,03/30/2020,966,146,24,4,51,0,-35.18115,-65.09386,AR,ARG,Argentina,,
7168235,03/31/2020,1054,88,27,3,51,0,-35.18115,-65.09386,AR,ARG,Argentina,,
7168238,04/01/2020,1133,79,31,4,240,189,-35.18115,-65.09386,AR,ARG,Argentina,,
7168241,04/02/2020,1265,132,36,5,240,0,-35.18115,-65.09386,AR,ARG,Argentina,,
7168244,04/03/2020,1353,88,42,6,248,8,-35.18115,-65.09386,AR,ARG,Argentina,,
7168247,04/04/2020,1451,98,43,1,248,0,-35.18115,-65.09386,AR,ARG,Argentina,,
7168250,04/05/2020,1554,103,46,3,280,32,-35.18115,-65.09386,AR,ARG,Argentina,,
7168254,04/06/2020,1628,74,53,7,266,-14,-35.18115,-65.09386,AR,ARG,Argentina,,
7168257,04/07/2020,1715,87,60,7,266,0,-35.18115,-65.09386,AR,ARG,Argentina,,
7168260,04/08/2020,1795,80,65,5,358,92,-35.18115,-65.09386,AR,ARG,Argentina,,
7168263,04/09/2020,1894,99,79,14,365,7,-35.18115,-65.09386,AR,ARG,Argentina,,
7168267,04/10/2020,1975,81,82,3,365,0,-35.18115,-65.09386,AR,ARG,Argentina,,
7168270,04/11/2020,2137,162,89,7,375,10,-35.18115,-65.09386,AR,ARG,Argentina,,
7168274,04/12/2020,2203,66,94,5,440,65,-35.18115,-65.09386,AR,ARG,Argentina,,
7168277,04/13/2020,2272,69,98,4,365,-75,-35.18115,-65.09386,AR,ARG,Argentina,,
7168280,04/14/2020,2432,160,105,7,515,150,-35.18115,-65.09386,AR,ARG,Argentina,,
7168282,04/15/2020,2560,128,112,7,559,44,-35.18115,-65.09386,AR,ARG,Argentina,,
7168287,04/16/2020,2658,98,122,10,631,72,-35.18115,-65.09386,AR,ARG,Argentina,,
7168290,04/17/2020,2747,89,129,7,665,34,-35.18115,-65.09386,AR,ARG,Argentina,,
7168292,04/18/2020,2828,81,132,3,665,0,-35.18115,-65.09386,AR,ARG,Argentina,,
7168295,04/19/2020,2930,102,134,2,708,43,-35.18115,-65.09386,AR,ARG,Argentina,,
7168298,04/20/2020,3020,90,142,8,737,29,-35.18115,-65.09386,AR,ARG,Argentina,,
7168301,04/21/2020,3133,113,151,9,840,103,-35.18115,-65.09386,AR,ARG,Argentina,,
7168304,04/22/2020,3276,143,159,8,836,-4,-35.18115,-65.09386,AR,ARG,Argentina,,
7506724,04/23/2020,3423,147,165,6,833,-3,-35.18115,-65.09386,AR,ARG,Argentina,,
7990658,04/24/2020,3595,172,176,11,833,0,-35.18115,-65.09386,AR,ARG,Argentina,,
8471412,04/25/2020,3767,172,185,9,965,132,-35.18115,-65.09386,AR,ARG,Argentina,,
8912455,04/26/2020,3879,112,192,7,1096,131,-35.18115,-65.09386,AR,ARG,Argentina,,
9386914,04/27/2020,3990,111,197,5,1129,33,-35.18115,-65.09386,AR,ARG,Argentina,,
9386915,04/28/2020,4114,124,207,10,1151,22,-35.18115,-65.09386,AR,ARG,Argentina,,
9386916,04/29/2020,4272,158,214,7,1181,30,-35.18115,-65.09386,AR,ARG,Argentina,,
9386918,04/30/2020,4415,143,218,4,1256,75,-35.18115,-65.09386,AR,ARG,Argentina,,
9386919,05/01/2020,4519,104,225,7,1299,43,-35.18115,-65.09386,AR,ARG,Argentina,,
9386920,05/02/2020,4668,149,237,12,1297,-2,-35.18115,-65.09386,AR,ARG,Argentina,,
9386921,05/03/2020,4770,102,246,9,1297,0,-35.18115,-65.09386,AR,ARG,Argentina,,
12645169,05/04/2020,4874,104,260,14,1341,44,-35.18115,-65.09386,AR,ARG,Argentina,,
13119983,05/05/2020,5007,133,264,4,1472,131,-35.18115,-65.09386,AR,ARG,Argentina,,
13577059,05/06/2020,5195,188,273,9,1511,39,-35.18115,-65.09386,AR,ARG,Argentina,,
14043202,05/07/2020,5358,163,282,9,1524,13,-35.18115,-65.09386,AR,ARG,Argentina,,
14477487,05/08/2020,5598,240,293,11,1646,122,-35.18115,-65.09386,AR,ARG,Argentina,,
14919879,05/09/2020,5763,165,300,7,1715,69,-35.18115,-65.09386,AR,ARG,Argentina,,
15312726,05/10/2020,6021,258,305,5,1659,-56,-35.18115,-65.09386,AR,ARG,Argentina,,
15743716,05/11/2020,6265,244,314,9,1824,165,-35.18115,-65.09386,AR,ARG,Argentina,,
16163359,05/12/2020,6550,285,319,5,1849,25,-35.18115,-65.09386,AR,ARG,Argentina,,
16619670,05/13/2020,6866,316,329,10,2253,404,-35.18115,-65.09386,AR,ARG,Argentina,,
17027361,05/14/2020,7121,255,353,24,2372,119,-35.18115,-65.09386,AR,ARG,Argentina,,
17441144,05/15/2020,7466,345,356,3,2372,0,-35.18115,-65.09386,AR,ARG,Argentina,,
17853066,05/16/2020,7792,326,363,7,2521,149,-35.18115,-65.09386,AR,ARG,Argentina,,
18257619,05/17/2020,8055,263,373,10,2556,35,-35.18115,-65.09386,AR,ARG,Argentina,,
18670480,05/18/2020,8358,303,382,9,2612,56,-35.18115,-65.09386,AR,ARG,Argentina,,
19058600,05/19/2020,8796,438,393,11,2859,247,-35.18115,-65.09386,AR,ARG,Argentina,,
19058601,05/20/2020,9270,474,403,10,2920,61,-35.18115,-65.09386,AR,ARG,Argentina,,
20111224,05/21/2020,9918,648,416,13,2920,0,-35.18115,-65.09386,AR,ARG,Argentina,,
20670107,05/22/2020,10636,718,433,17,3062,142,-35.18115,-65.09386,AR,ARG,Argentina,,
21230072,05/23/2020,11340,704,445,12,3517,455,-35.18115,-65.09386,AR,ARG,Argentina,,
21775215,05/24/2020,12063,723,452,7,3062,-455,-35.18115,-65.09386,AR,ARG,Argentina,,
22276423,05/25/2020,12615,552,467,15,3062,0,-35.18115,-65.09386,AR,ARG,Argentina,,
22898004,05/26/2020,13215,600,490,23,4154,1092,-35.18115,-65.09386,AR,ARG,Argentina,,
23417589,05/27/2020,13920,705,500,10,4349,195,-35.18115,-65.09386,AR,ARG,Argentina,,
23417590,05/28/2020,14689,769,508,8,4617,268,-35.18115,-65.09386,AR,ARG,Argentina,,
24487034,05/29/2020,15406,717,520,12,4788,171,-35.18115,-65.09386,AR,ARG,Argentina,,
25018822,05/30/2020,16201,795,528,8,4775,-13,-35.18115,-65.09386,AR,ARG,Argentina,,
25018823,05/31/2020,16838,637,539,11,4788,13,-35.18115,-65.09386,AR,ARG,Argentina,,
25018824,06/01/2020,17402,564,556,17,5336,548,-35.18115,-65.09386,AR,ARG,Argentina,,
25018825,06/02/2020,18306,904,569,13,5709,373,-35.18115,-65.09386,AR,ARG,Argentina,,
25018826,06/03/2020,19255,949,583,14,5696,-13,-35.18115,-65.09386,AR,ARG,Argentina,,
25018829,06/04/2020,20184,929,608,25,5993,297,-35.18115,-65.09386,AR,ARG,Argentina,,
25018830,06/05/2020,21024,840,632,24,6088,95,-35.18115,-65.09386,AR,ARG,Argentina,,
5310798,04/15/2020,0,,,,,,-27.34156,-66.94754,AR,ARG,Argentina,Catamarca,
5430620,04/17/2020,0,0,,,,,-27.34156,-66.94754,AR,ARG,Argentina,Catamarca,
5453745,04/19/2020,0,0,,,,,-27.34156,-66.94754,AR,ARG,Argentina,Catamarca,
5492202,04/21/2020,0,0,,,,,-27.34156,-66.94754,AR,ARG,Argentina,Catamarca,
6530052,04/23/2020,0,0,,,,,-27.34156,-66.94754,AR,ARG,Argentina,Catamarca,
6945937,04/25/2020,0,0,,,,,-27.34156,-66.94754,AR,ARG,Argentina,Catamarca,
7044865,04/27/2020,0,0,,,,,-27.34156,-66.94754,AR,ARG,Argentina,Catamarca,
7518429,04/29/2020,0,0,,,,,-27.34156,-66.94754,AR,ARG,Argentina,Catamarca,
8001388,04/30/2020,0,0,,,,,-27.34156,-66.94754,AR,ARG,Argentina,Catamarca,
8478640,05/01/2020,0,0,,,,,-27.34156,-66.94754,AR,ARG,Argentina,Catamarca,
8920249,05/02/2020,0,0,,,,,-27.34156,-66.94754,AR,ARG,Argentina,Catamarca,
9388282,05/03/2020,0,0,,,,,-27.34156,-66.94754,AR,ARG,Argentina,Catamarca,
9861635,05/04/2020,0,0,,,,,-27.34156,-66.94754,AR,ARG,Argentina,Catamarca,
10306456,05/05/2020,0,0,,,,,-27.34156,-66.94754,AR,ARG,Argentina,Catamarca,
10776782,05/06/2020,0,0,,,,,-27.34156,-66.94754,AR,ARG,Argentina,Catamarca,
11282873,05/07/2020,0,0,,,,,-27.34156,-66.94754,AR,ARG,Argentina,Catamarca,
11776962,05/08/2020,0,0,,,,,-27.34156,-66.94754,AR,ARG,Argentina,Catamarca,
12224923,05/09/2020,0,0,,,,,-27.34156,-66.94754,AR,ARG,Argentina,Catamarca,
12674598,05/10/2020,0,0,,,,,-27.34156,-66.94754,AR,ARG,Argentina,Catamarca,
13153162,05/11/2020,0,0,,,,,-27.34156,-66.94754,AR,ARG,Argentina,Catamarca,
13611088,05/12/2020,0,0,,,,,-27.34156,-66.94754,AR,ARG,Argentina,Catamarca,
14064597,05/13/2020,0,0,,,,,-27.34156,-66.94754,AR,ARG,Argentina,Catamarca,
14493910,05/14/2020,0,0,,,,,-27.34156,-66.94754,AR,ARG,Argentina,Catamarca,
14920453,05/15/2020,0,0,,,,,-27.34156,-66.94754,AR,ARG,Argentina,Catamarca,
15335001,05/16/2020,0,0,,,,,-27.34156,-66.94754,AR,ARG,Argentina,Catamarca,
15762884,05/17/2020,0,0,,,,,-27.34156,-66.94754,AR,ARG,Argentina,Catamarca,
16188179,05/18/2020,0,0,,,,,-27.34156,-66.94754,AR,ARG,Argentina,Catamarca,
16634097,05/19/2020,0,0,,,,,-27.34156,-66.94754,AR,ARG,Argentina,Catamarca,
17055566,05/20/2020,0,0,,,,,-27.34156,-66.94754,AR,ARG,Argentina,Catamarca,
17461613,05/21/2020,0,0,,,,,-27.34156,-66.94754,AR,ARG,Argentina,Catamarca,
17858267,05/22/2020,0,0,,,,,-27.34156,-66.94754,AR,ARG,Argentina,Catamarca,
18284793,05/23/2020,0,0,,,,,-27.34156,-66.94754,AR,ARG,Argentina,Catamarca,
18684537,05/24/2020,0,0,,,,,-27.34156,-66.94754,AR,ARG,Argentina,Catamarca,
19070247,05/25/2020,0,0,,,,,-27.34156,-66.94754,AR,ARG,Argentina,Catamarca,
19508034,05/26/2020,0,0,,,,,-27.34156,-66.94754,AR,ARG,Argentina,Catamarca,
20119227,05/27/2020,0,0,,,,,-27.34156,-66.94754,AR,ARG,Argentina,Catamarca,
20686784,05/28/2020,0,0,,,,,-27.34156,-66.94754,AR,ARG,Argentina,Catamarca,
21231492,05/29/2020,0,0,,,,,-27.34156,-66.94754,AR,ARG,Argentina,Catamarca,
21797115,05/30/2020,0,0,,,,,-27.34156,-66.94754,AR,ARG,Argentina,Catamarca,
22323683,05/31/2020,0,0,,,,,-27.34156,-66.94754,AR,ARG,Argentina,Catamarca,
22919028,06/01/2020,0,0,,,,,-27.34156,-66.94754,AR,ARG,Argentina,Catamarca,
23453136,06/02/2020,0,0,,,,,-27.34156,-66.94754,AR,ARG,Argentina,Catamarca,
23988479,06/03/2020,0,0,,,,,-27.34156,-66.94754,AR,ARG,Argentina,Catamarca,
24516279,06/04/2020,0,0,,,,,-27.34156,-66.94754,AR,ARG,Argentina,Catamarca,
1367941,03/26/2020,53,,,,,,-32.14068,-63.80113,AR,ARG,Argentina,Cordoba,
1367940,03/26/2020,55,,4,,,,-26.38626,-60.76559,AR,ARG,Argentina,Chaco,
1367939,03/26/2020,158,,4,,,,-34.60849,-58.37344,AR,ARG,Argentina,City of Buenos Aires,
5310781,04/15/2020,596,438,40,36,,,-34.60849,-58.37344,AR,ARG,Argentina,City of Buenos Aires,
5415903,04/16/2020,648,52,43,3,,,-34.60849,-58.37344,AR,ARG,Argentina,City of Buenos Aires,
5435044,04/17/2020,759,111,49,6,,,-34.60849,-58.37344,AR,ARG,Argentina,City of Buenos Aires,
5453716,04/19/2020,837,78,49,0,,,-34.60849,-58.37344,AR,ARG,Argentina,City of Buenos Aires,
5488830,04/21/2020,915,78,58,9,,,-34.60849,-58.37344,AR,ARG,Argentina,City of Buenos Aires,
5531491,04/22/2020,975,60,59,1,,,-34.60849,-58.37344,AR,ARG,Argentina,City of Buenos Aires,
6303580,04/23/2020,1036,61,64,5,,,-34.60849,-58.37344,AR,ARG,Argentina,City of Buenos Aires,
6885838,04/24/2020,1120,84,68,4,,,-34.60849,-58.37344,AR,ARG,Argentina,City of Buenos Aires,
6979885,04/26/2020,1225,105,68,0,,,-34.60849,-58.37344,AR,ARG,Argentina,City of Buenos Aires,
7023451,04/27/2020,1331,106,77,9,,,-34.60849,-58.37344,AR,ARG,Argentina,City of Buenos Aires,
7075273,04/28/2020,1380,49,80,3,,,-34.60849,-58.37344,AR,ARG,Argentina,City of Buenos Aires,
7518412,04/29/2020,1429,49,84,4,,,-34.60849,-58.37344,AR,ARG,Argentina,City of Buenos Aires,
8001354,04/30/2020,1532,103,86,2,,,-34.60849,-58.37344,AR,ARG,Argentina,City of Buenos Aires,
8478623,05/01/2020,1576,44,86,0,,,-34.60849,-58.37344,AR,ARG,Argentina,City of Buenos Aires,
8920232,05/02/2020,1620,44,86,0,,,-34.60849,-58.37344,AR,ARG,Argentina,City of Buenos Aires,
9388246,05/03/2020,1664,44,86,0,,,-34.60849,-58.37344,AR,ARG,Argentina,City of Buenos Aires,
9861618,05/04/2020,1708,44,94,8,,,-34.60849,-58.37344,AR,ARG,Argentina,City of Buenos Aires,
10306423,05/05/2020,1753,45,102,8,,,-34.60849,-58.37344,AR,ARG,Argentina,City of Buenos Aires,
10776750,05/06/2020,1811,58,104,2,,,-34.60849,-58.37344,AR,ARG,Argentina,City of Buenos Aires,
11282811,05/07/2020,1867,56,104,0,,,-34.60849,-58.37344,AR,ARG,Argentina,City of Buenos Aires,
11776900,05/08/2020,1924,57,115,11,,,-34.60849,-58.37344,AR,ARG,Argentina,City of Buenos Aires,
12224886,05/09/2020,1986,62,115,0,,,-34.60849,-58.37344,AR,ARG,Argentina,City of Buenos Aires,
12674581,05/10/2020,2049,63,115,0,,,-34.60849,-58.37344,AR,ARG,Argentina,City of Buenos Aires,
13153105,05/11/2020,2112,63,123,8,,,-34.60849,-58.37344,AR,ARG,Argentina,City of Buenos Aires,
13611071,05/12/2020,2174,62,123,0,,,-34.60849,-58.37344,AR,ARG,Argentina,City of Buenos Aires,
14064580,05/13/2020,2236,62,134,11,,,-34.60849,-58.37344,AR,ARG,Argentina,City of Buenos Aires,
14493851,05/14/2020,2332,96,138,4,,,-34.60849,-58.37344,AR,ARG,Argentina,City of Buenos Aires,
14920423,05/15/2020,2411,79,149,11,,,-34.60849,-58.37344,AR,ARG,Argentina,City of Buenos Aires,
15334984,05/16/2020,2498,87,149,0,,,-34.60849,-58.37344,AR,ARG,Argentina,City of Buenos Aires,
15762814,05/17/2020,2585,87,149,0,,,-34.60849,-58.37344,AR,ARG,Argentina,City of Buenos Aires,
16188151,05/18/2020,2673,88,149,0,,,-34.60849,-58.37344,AR,ARG,Argentina,City of Buenos Aires,
16634080,05/19/2020,2761,88,156,7,,,-34.60849,-58.37344,AR,ARG,Argentina,City of Buenos Aires,
17055549,05/20/2020,2918,157,156,0,,,-34.60849,-58.37344,AR,ARG,Argentina,City of Buenos Aires,
17461565,05/21/2020,3096,178,160,4,,,-34.60849,-58.37344,AR,ARG,Argentina,City of Buenos Aires,
17858250,05/22/2020,3309,213,169,9,,,-34.60849,-58.37344,AR,ARG,Argentina,City of Buenos Aires,
18284776,05/23/2020,3536,227,169,0,,,-34.60849,-58.37344,AR,ARG,Argentina,City of Buenos Aires,
18684520,05/24/2020,3764,228,169,0,,,-34.60849,-58.37344,AR,ARG,Argentina,City of Buenos Aires,
19070230,05/25/2020,3992,228,169,0,,,-34.60849,-58.37344,AR,ARG,Argentina,City of Buenos Aires,
19508017,05/26/2020,4220,228,185,16,,,-34.60849,-58.37344,AR,ARG,Argentina,City of Buenos Aires,
20119153,05/27/2020,4455,235,207,22,,,-34.60849,-58.37344,AR,ARG,Argentina,City of Buenos Aires,
20686753,05/28/2020,4770,315,209,2,,,-34.60849,-58.37344,AR,ARG,Argentina,City of Buenos Aires,
21231475,05/29/2020,5069,299,214,5,,,-34.60849,-58.37344,AR,ARG,Argentina,City of Buenos Aires,
21797082,05/30/2020,5343,274,214,0,,,-34.60849,-58.37344,AR,ARG,Argentina,City of Buenos Aires,
22323657,05/31/2020,5617,274,214,0,,,-34.60849,-58.37344,AR,ARG,Argentina,City of Buenos Aires,
22919011,06/01/2020,5892,275,226,12,,,-34.60849,-58.37344,AR,ARG,Argentina,City of Buenos Aires,
23453118,06/02/2020,6144,252,230,4,,,-34.60849,-58.37344,AR,ARG,Argentina,City of Buenos Aires,
23988436,06/03/2020,6632,488,239,9,,,-34.60849,-58.37344,AR,ARG,Argentina,City of Buenos Aires,
24516262,06/04/2020,7074,442,247,8,,,-34.60849,-58.37344,AR,ARG,Argentina,City of Buenos Aires,
5310782,04/15/2020,153,,9,,,,-26.38626,-60.76559,AR,ARG,Argentina,Chaco,
5415904,04/16/2020,191,38,9,0,,,-26.38626,-60.76559,AR,ARG,Argentina,Chaco,
5435045,04/17/2020,202,11,10,1,,,-26.38626,-60.76559,AR,ARG,Argentina,Chaco,
5453717,04/19/2020,227,25,10,0,,,-26.38626,-60.76559,AR,ARG,Argentina,Chaco,
5462413,04/20/2020,253,26,11,1,,,-26.38626,-60.76559,AR,ARG,Argentina,Chaco,
5488831,04/21/2020,258,5,11,0,,,-26.38626,-60.76559,AR,ARG,Argentina,Chaco,
5531492,04/22/2020,263,5,11,0,,,-26.38626,-60.76559,AR,ARG,Argentina,Chaco,
6303581,04/23/2020,270,7,11,0,,,-26.38626,-60.76559,AR,ARG,Argentina,Chaco,
6885839,04/24/2020,280,10,11,0,,,-26.38626,-60.76559,AR,ARG,Argentina,Chaco,
6979886,04/26/2020,288,8,11,0,,,-26.38626,-60.76559,AR,ARG,Argentina,Chaco,
7023452,04/27/2020,297,9,12,1,,,-26.38626,-60.76559,AR,ARG,Argentina,Chaco,
7075274,04/28/2020,307,10,13,1,,,-26.38626,-60.76559,AR,ARG,Argentina,Chaco,
7518413,04/29/2020,309,2,13,0,,,-26.38626,-60.76559,AR,ARG,Argentina,Chaco,
8001356,04/30/2020,311,2,14,1,,,-26.38626,-60.76559,AR,ARG,Argentina,Chaco,
8478624,05/01/2020,318,7,14,0,,,-26.38626,-60.76559,AR,ARG,Argentina,Chaco,
8920233,05/02/2020,326,8,14,0,,,-26.38626,-60.76559,AR,ARG,Argentina,Chaco,
9388249,05/03/2020,334,8,14,0,,,-26.38626,-60.76559,AR,ARG,Argentina,Chaco,
9861619,05/04/2020,342,8,18,4,,,-26.38626,-60.76559,AR,ARG,Argentina,Chaco,
10306425,05/05/2020,347,5,19,1,,,-26.38626,-60.76559,AR,ARG,Argentina,Chaco,
10776752,05/06/2020,358,11,19,0,,,-26.38626,-60.76559,AR,ARG,Argentina,Chaco,
11282815,05/07/2020,375,17,19,0,,,-26.38626,-60.76559,AR,ARG,Argentina,Chaco,
11776904,05/08/2020,392,17,20,1,,,-26.38626,-60.76559,AR,ARG,Argentina,Chaco,
12224889,05/09/2020,414,22,20,0,,,-26.38626,-60.76559,AR,ARG,Argentina,Chaco,
12674582,05/10/2020,436,22,20,0,,,-26.38626,-60.76559,AR,ARG,Argentina,Chaco,
13153109,05/11/2020,459,23,20,0,,,-26.38626,-60.76559,AR,ARG,Argentina,Chaco,
13611072,05/12/2020,476,17,22,2,,,-26.38626,-60.76559,AR,ARG,Argentina,Chaco,
14064581,05/13/2020,486,10,22,0,,,-26.38626,-60.76559,AR,ARG,Argentina,Chaco,
14493854,05/14/2020,504,18,23,1,,,-26.38626,-60.76559,AR,ARG,Argentina,Chaco,
14920425,05/15/2020,513,9,24,1,,,-26.38626,-60.76559,AR,ARG,Argentina,Chaco,
15334985,05/16/2020,532,19,24,0,,,-26.38626,-60.76559,AR,ARG,Argentina,Chaco,
15762820,05/17/2020,551,19,24,0,,,-26.38626,-60.76559,AR,ARG,Argentina,Chaco,
16188153,05/18/2020,571,20,24,0,,,-26.38626,-60.76559,AR,ARG,Argentina,Chaco,
16634081,05/19/2020,591,20,30,6,,,-26.38626,-60.76559,AR,ARG,Argentina,Chaco,
17055550,05/20/2020,625,34,34,4,,,-26.38626,-60.76559,AR,ARG,Argentina,Chaco,
17461568,05/21/2020,660,35,35,1,,,-26.38626,-60.76559,AR,ARG,Argentina,Chaco,
17858251,05/22/2020,694,34,37,2,,,-26.38626,-60.76559,AR,ARG,Argentina,Chaco,
18284777,05/23/2020,709,15,37,0,,,-26.38626,-60.76559,AR,ARG,Argentina,Chaco,
18684521,05/24/2020,725,16,37,0,,,-26.38626,-60.76559,AR,ARG,Argentina,Chaco,
19070231,05/25/2020,741,16,37,0,,,-26.38626,-60.76559,AR,ARG,Argentina,Chaco,
19508018,05/26/2020,757,16,44,7,,,-26.38626,-60.76559,AR,ARG,Argentina,Chaco,
20119155,05/27/2020,780,23,45,1,,,-26.38626,-60.76559,AR,ARG,Argentina,Chaco,
20686754,05/28/2020,796,16,47,2,,,-26.38626,-60.76559,AR,ARG,Argentina,Chaco,
21231476,05/29/2020,824,28,48,1,,,-26.38626,-60.76559,AR,ARG,Argentina,Chaco,
21797084,05/30/2020,845,21,48,0,,,-26.38626,-60.76559,AR,ARG,Argentina,Chaco,
22323658,05/31/2020,866,21,48,0,,,-26.38626,-60.76559,AR,ARG,Argentina,Chaco,
22919012,06/01/2020,887,21,53,5,,,-26.38626,-60.76559,AR,ARG,Argentina,Chaco,
23453119,06/02/2020,890,3,56,3,,,-26.38626,-60.76559,AR,ARG,Argentina,Chaco,
23988439,06/03/2020,920,30,58,2,,,-26.38626,-60.76559,AR,ARG,Argentina,Chaco,
24516263,06/04/2020,926,6,59,1,,,-26.38626,-60.76559,AR,ARG,Argentina,Chaco,
5310799,04/15/2020,0,,,,,,-43.79044,-68.52538,AR,ARG,Argentina,Chubut,
5435054,04/17/2020,2,2,,,,,-43.79044,-68.52538,AR,ARG,Argentina,Chubut,
5453747,04/19/2020,2,0,,,,,-43.79044,-68.52538,AR,ARG,Argentina,Chubut,
5492203,04/21/2020,2,0,,,,,-43.79044,-68.52538,AR,ARG,Argentina,Chubut,
6530056,04/23/2020,2,0,,,,,-43.79044,-68.52538,AR,ARG,Argentina,Chubut,
6945938,04/25/2020,2,0,,,,,-43.79044,-68.52538,AR,ARG,Argentina,Chubut,
7044866,04/27/2020,2,0,,,,,-43.79044,-68.52538,AR,ARG,Argentina,Chubut,
7518430,04/29/2020,2,0,,,,,-43.79044,-68.52538,AR,ARG,Argentina,Chubut,
8001390,04/30/2020,2,0,,,,,-43.79044,-68.52538,AR,ARG,Argentina,Chubut,
8478641,05/01/2020,2,0,,,,,-43.79044,-68.52538,AR,ARG,Argentina,Chubut,
8920250,05/02/2020,2,0,,,,,-43.79044,-68.52538,AR,ARG,Argentina,Chubut,
9388283,05/03/2020,2,0,,,,,-43.79044,-68.52538,AR,ARG,Argentina,Chubut,
9861636,05/04/2020,4,2,,,,,-43.79044,-68.52538,AR,ARG,Argentina,Chubut,
10306458,05/05/2020,4,0,,,,,-43.79044,-68.52538,AR,ARG,Argentina,Chubut,
10776784,05/06/2020,4,0,,,,,-43.79044,-68.52538,AR,ARG,Argentina,Chubut,
11282877,05/07/2020,4,0,,,,,-43.79044,-68.52538,AR,ARG,Argentina,Chubut,
11776966,05/08/2020,4,0,,,,,-43.79044,-68.52538,AR,ARG,Argentina,Chubut,
12224924,05/09/2020,4,0,,,,,-43.79044,-68.52538,AR,ARG,Argentina,Chubut,
12674599,05/10/2020,4,0,,,,,-43.79044,-68.52538,AR,ARG,Argentina,Chubut,
13153165,05/11/2020,4,0,,,,,-43.79044,-68.52538,AR,ARG,Argentina,Chubut,
13611089,05/12/2020,4,0,,,,,-43.79044,-68.52538,AR,ARG,Argentina,Chubut,
14064598,05/13/2020,4,0,,,,,-43.79044,-68.52538,AR,ARG,Argentina,Chubut,
14493914,05/14/2020,4,0,,,,,-43.79044,-68.52538,AR,ARG,Argentina,Chubut,
14920455,05/15/2020,4,0,,,,,-43.79044,-68.52538,AR,ARG,Argentina,Chubut,
15335002,05/16/2020,4,0,,,,,-43.79044,-68.52538,AR,ARG,Argentina,Chubut,
15762886,05/17/2020,4,0,,,,,-43.79044,-68.52538,AR,ARG,Argentina,Chubut,
16188180,05/18/2020,4,0,,,,,-43.79044,-68.52538,AR,ARG,Argentina,Chubut,
16634098,05/19/2020,4,0,,,,,-43.79044,-68.52538,AR,ARG,Argentina,Chubut,
17055567,05/20/2020,4,0,,,,,-43.79044,-68.52538,AR,ARG,Argentina,Chubut,
17461616,05/21/2020,4,0,,,,,-43.79044,-68.52538,AR,ARG,Argentina,Chubut,
17858268,05/22/2020,4,0,,,,,-43.79044,-68.52538,AR,ARG,Argentina,Chubut,
18284794,05/23/2020,4,0,,,,,-43.79044,-68.52538,AR,ARG,Argentina,Chubut,
18684538,05/24/2020,4,0,,,,,-43.79044,-68.52538,AR,ARG,Argentina,Chubut,
19070248,05/25/2020,4,0,,,,,-43.79044,-68.52538,AR,ARG,Argentina,Chubut,
19508035,05/26/2020,4,0,,,,,-43.79044,-68.52538,AR,ARG,Argentina,Chubut,
20119238,05/27/2020,5,1,,,,,-43.79044,-68.52538,AR,ARG,Argentina,Chubut,
20686785,05/28/2020,5,0,,,,,-43.79044,-68.52538,AR,ARG,Argentina,Chubut,
21231493,05/29/2020,8,3,,,,,-43.79044,-68.52538,AR,ARG,Argentina,Chubut,
21797117,05/30/2020,8,0,,,,,-43.79044,-68.52538,AR,ARG,Argentina,Chubut,
22323685,05/31/2020,8,0,,,,,-43.79044,-68.52538,AR,ARG,Argentina,Chubut,
22919029,06/01/2020,10,2,,,,,-43.79044,-68.52538,AR,ARG,Argentina,Chubut,
23453137,06/02/2020,10,0,,,,,-43.79044,-68.52538,AR,ARG,Argentina,Chubut,
23988482,06/03/2020,10,0,,,,,-43.79044,-68.52538,AR,ARG,Argentina,Chubut,
24516280,06/04/2020,11,1,,,,,-43.79044,-68.52538,AR,ARG,Argentina,Chubut,
5310780,04/15/2020,601,,28,,,,-34.61459,-58.44583,AR,ARG,Argentina,City of Buenos Aires,
5415902,04/16/2020,729,128,36,8,,,-34.61459,-58.44583,AR,ARG,Argentina,City of Buenos Aires,
5435043,04/17/2020,777,48,37,1,,,-34.61459,-58.44583,AR,ARG,Argentina,City of Buenos Aires,
5453714,04/19/2020,825,48,37,0,,,-34.61459,-58.44583,AR,ARG,Argentina,City of Buenos Aires,
5462412,04/20/2020,873,48,55,18,,,-34.61459,-58.44583,AR,ARG,Argentina,City of Buenos Aires,
5488829,04/21/2020,895,22,55,0,,,-34.61459,-58.44583,AR,ARG,Argentina,City of Buenos Aires,
5531490,04/22/2020,917,22,55,0,,,-34.61459,-58.44583,AR,ARG,Argentina,City of Buenos Aires,
6303579,04/23/2020,939,22,55,0,,,-34.61459,-58.44583,AR,ARG,Argentina,City of Buenos Aires,
6885837,04/24/2020,961,22,55,0,,,-34.61459,-58.44583,AR,ARG,Argentina,City of Buenos Aires,
6979884,04/26/2020,984,23,56,1,,,-34.61459,-58.44583,AR,ARG,Argentina,City of Buenos Aires,
7023450,04/27/2020,1007,23,57,1,,,-34.61459,-58.44583,AR,ARG,Argentina,City of Buenos Aires,
7075272,04/28/2020,1381,374,78,21,,,-34.61459,-58.44583,AR,ARG,Argentina,City of Buenos Aires,
7518411,04/29/2020,1436,55,80,2,,,-34.61459,-58.44583,AR,ARG,Argentina,City of Buenos Aires,
8001352,04/30/2020,1491,55,83,3,,,-34.61459,-58.44583,AR,ARG,Argentina,City of Buenos Aires,
8478622,05/01/2020,1547,56,86,3,,,-34.61459,-58.44583,AR,ARG,Argentina,City of Buenos Aires,
8920231,05/02/2020,1603,56,89,3,,,-34.61459,-58.44583,AR,ARG,Argentina,City of Buenos Aires,
9388242,05/03/2020,1659,56,92,3,,,-34.61459,-58.44583,AR,ARG,Argentina,City of Buenos Aires,
9861617,05/04/2020,1715,56,95,3,,,-34.61459,-58.44583,AR,ARG,Argentina,City of Buenos Aires,
10306421,05/05/2020,1750,35,95,0,,,-34.61459,-58.44583,AR,ARG,Argentina,City of Buenos Aires,
10776748,05/06/2020,1785,35,95,0,,,-34.61459,-58.44583,AR,ARG,Argentina,City of Buenos Aires,
11282807,05/07/2020,1820,35,95,0,,,-34.61459,-58.44583,AR,ARG,Argentina,City of Buenos Aires,
11776896,05/08/2020,1855,35,95,0,,,-34.61459,-58.44583,AR,ARG,Argentina,City of Buenos Aires,
12224882,05/09/2020,1890,35,95,0,,,-34.61459,-58.44583,AR,ARG,Argentina,City of Buenos Aires,
12674580,05/10/2020,1925,35,96,1,,,-34.61459,-58.44583,AR,ARG,Argentina,City of Buenos Aires,
13153102,05/11/2020,1961,36,97,1,,,-34.61459,-58.44583,AR,ARG,Argentina,City of Buenos Aires,
13611070,05/12/2020,2156,195,128,31,,,-34.61459,-58.44583,AR,ARG,Argentina,City of Buenos Aires,
14064579,05/13/2020,2286,130,128,0,,,-34.61459,-58.44583,AR,ARG,Argentina,City of Buenos Aires,
14493847,05/14/2020,2464,178,128,0,,,-34.61459,-58.44583,AR,ARG,Argentina,City of Buenos Aires,
14920422,05/15/2020,2618,154,128,0,,,-34.61459,-58.44583,AR,ARG,Argentina,City of Buenos Aires,
15334983,05/16/2020,2798,180,128,0,,,-34.61459,-58.44583,AR,ARG,Argentina,City of Buenos Aires,
15762805,05/17/2020,2979,181,129,1,,,-34.61459,-58.44583,AR,ARG,Argentina,City of Buenos Aires,
16188150,05/18/2020,3160,181,130,1,,,-34.61459,-58.44583,AR,ARG,Argentina,City of Buenos Aires,
16634079,05/19/2020,3341,181,131,1,,,-34.61459,-58.44583,AR,ARG,Argentina,City of Buenos Aires,
17055547,05/20/2020,3565,224,132,1,,,-34.61459,-58.44583,AR,ARG,Argentina,City of Buenos Aires,
17461562,05/21/2020,3822,257,134,2,,,-34.61459,-58.44583,AR,ARG,Argentina,City of Buenos Aires,
17858249,05/22/2020,4201,379,139,5,,,-34.61459,-58.44583,AR,ARG,Argentina,City of Buenos Aires,
18284775,05/23/2020,4619,418,139,0,,,-34.61459,-58.44583,AR,ARG,Argentina,City of Buenos Aires,
18684519,05/24/2020,5037,418,139,0,,,-34.61459,-58.44583,AR,ARG,Argentina,City of Buenos Aires,
19070229,05/25/2020,5456,419,139,0,,,-34.61459,-58.44583,AR,ARG,Argentina,City of Buenos Aires,
19508016,05/26/2020,5875,419,162,23,,,-34.61459,-58.44583,AR,ARG,Argentina,City of Buenos Aires,
20119151,05/27/2020,6202,327,166,4,,,-34.61459,-58.44583,AR,ARG,Argentina,City of Buenos Aires,
20686751,05/28/2020,6564,362,169,3,,,-34.61459,-58.44583,AR,ARG,Argentina,City of Buenos Aires,
21231474,05/29/2020,6989,425,173,4,,,-34.61459,-58.44583,AR,ARG,Argentina,City of Buenos Aires,
21797079,05/30/2020,7394,405,173,0,,,-34.61459,-58.44583,AR,ARG,Argentina,City of Buenos Aires,
22323655,05/31/2020,7800,406,173,0,,,-34.61459,-58.44583,AR,ARG,Argentina,City of Buenos Aires,
22919009,06/01/2020,8206,406,185,12,,,-34.61459,-58.44583,AR,ARG,Argentina,City of Buenos Aires,
23453117,06/02/2020,8480,274,193,8,,,-34.61459,-58.44583,AR,ARG,Argentina,City of Buenos Aires,
23988433,06/03/2020,8851,371,197,4,,,-34.61459,-58.44583,AR,ARG,Argentina,City of Buenos Aires,
24516261,06/04/2020,9318,467,204,7,,,-34.61459,-58.44583,AR,ARG,Argentina,City of Buenos Aires,
1367949,03/26/2020,1,,,,,,-27.47178,-58.84017,AR,ARG,Argentina,Corrientes,
5310791,04/15/2020,31,30,,,,,-27.47178,-58.84017,AR,ARG,Argentina,Corrientes,
5430614,04/17/2020,31,0,,,,,-27.47178,-58.84017,AR,ARG,Argentina,Corrientes,
5453730,04/19/2020,31,0,,,,,-27.47178,-58.84017,AR,ARG,Argentina,Corrientes,
5488838,04/21/2020,34,3,,,,,-27.47178,-58.84017,AR,ARG,Argentina,Corrientes,
6325736,04/23/2020,34,0,,,,,-27.47178,-58.84017,AR,ARG,Argentina,Corrientes,
6885846,04/24/2020,35,1,,,,,-27.47178,-58.84017,AR,ARG,Argentina,Corrientes,
6979893,04/26/2020,35,0,,,,,-27.47178,-58.84017,AR,ARG,Argentina,Corrientes,
7023457,04/27/2020,46,11,,,,,-27.47178,-58.84017,AR,ARG,Argentina,Corrientes,
7518422,04/29/2020,46,0,,,,,-27.47178,-58.84017,AR,ARG,Argentina,Corrientes,
8001374,04/30/2020,47,1,,,,,-27.47178,-58.84017,AR,ARG,Argentina,Corrientes,
8478633,05/01/2020,47,0,,,,,-27.47178,-58.84017,AR,ARG,Argentina,Corrientes,
8920242,05/02/2020,47,0,,,,,-27.47178,-58.84017,AR,ARG,Argentina,Corrientes,
9388275,05/03/2020,47,0,,,,,-27.47178,-58.84017,AR,ARG,Argentina,Corrientes,
9861628,05/04/2020,49,2,,,,,-27.47178,-58.84017,AR,ARG,Argentina,Corrientes,
10306442,05/05/2020,49,0,2,,,,-27.47178,-58.84017,AR,ARG,Argentina,Corrientes,
10776770,05/06/2020,50,1,2,0,,,-27.47178,-58.84017,AR,ARG,Argentina,Corrientes,
11282846,05/07/2020,51,1,,,,,-27.47178,-58.84017,AR,ARG,Argentina,Corrientes,
11776938,05/08/2020,52,1,,,,,-27.47178,-58.84017,AR,ARG,Argentina,Corrientes,
12224916,05/09/2020,52,0,,,,,-27.47178,-58.84017,AR,ARG,Argentina,Corrientes,
12674591,05/10/2020,53,1,,,,,-27.47178,-58.84017,AR,ARG,Argentina,Corrientes,
13153139,05/11/2020,54,1,,,,,-27.47178,-58.84017,AR,ARG,Argentina,Corrientes,
13611081,05/12/2020,70,16,,,,,-27.47178,-58.84017,AR,ARG,Argentina,Corrientes,
14064590,05/13/2020,71,1,,,,,-27.47178,-58.84017,AR,ARG,Argentina,Corrientes,
14493885,05/14/2020,76,5,,,,,-27.47178,-58.84017,AR,ARG,Argentina,Corrientes,
14920439,05/15/2020,79,3,,,,,-27.47178,-58.84017,AR,ARG,Argentina,Corrientes,
15334994,05/16/2020,79,0,,,,,-27.47178,-58.84017,AR,ARG,Argentina,Corrientes,
15762867,05/17/2020,79,0,,,,,-27.47178,-58.84017,AR,ARG,Argentina,Corrientes,
16188168,05/18/2020,79,0,,,,,-27.47178,-58.84017,AR,ARG,Argentina,Corrientes,
16634090,05/19/2020,79,0,,,,,-27.47178,-58.84017,AR,ARG,Argentina,Corrientes,
17055559,05/20/2020,79,0,,,,,-27.47178,-58.84017,AR,ARG,Argentina,Corrientes,
17461593,05/21/2020,79,0,,,,,-27.47178,-58.84017,AR,ARG,Argentina,Corrientes,
17858260,05/22/2020,79,0,,,,,-27.47178,-58.84017,AR,ARG,Argentina,Corrientes,
18284786,05/23/2020,79,0,,,,,-27.47178,-58.84017,AR,ARG,Argentina,Corrientes,
18684530,05/24/2020,79,0,,,,,-27.47178,-58.84017,AR,ARG,Argentina,Corrientes,
19070240,05/25/2020,79,0,,,,,-27.47178,-58.84017,AR,ARG,Argentina,Corrientes,
19508027,05/26/2020,79,0,,,,,-27.47178,-58.84017,AR,ARG,Argentina,Corrientes,
20119172,05/27/2020,79,0,,,,,-27.47178,-58.84017,AR,ARG,Argentina,Corrientes,
20686770,05/28/2020,80,1,,,,,-27.47178,-58.84017,AR,ARG,Argentina,Corrientes,
21231485,05/29/2020,81,1,,,,,-27.47178,-58.84017,AR,ARG,Argentina,Corrientes,
21797102,05/30/2020,83,2,,,,,-27.47178,-58.84017,AR,ARG,Argentina,Corrientes,
22323672,05/31/2020,85,2,,,,,-27.47178,-58.84017,AR,ARG,Argentina,Corrientes,
22919021,06/01/2020,88,3,,,,,-27.47178,-58.84017,AR,ARG,Argentina,Corrientes,
23453128,06/02/2020,94,6,,,,,-27.47178,-58.84017,AR,ARG,Argentina,Corrientes,
23988462,06/03/2020,96,2,,,,,-27.47178,-58.84017,AR,ARG,Argentina,Corrientes,
24516272,06/04/2020,96,0,,,,,-27.47178,-58.84017,AR,ARG,Argentina,Corrientes,
5310783,04/15/2020,210,,5,,,,-32.14068,-63.80113,AR,ARG,Argentina,Cordoba,
5415905,04/16/2020,228,18,6,1,,,-32.14068,-63.80113,AR,ARG,Argentina,Cordoba,
5435046,04/17/2020,241,13,7,1,,,-32.14068,-63.80113,AR,ARG,Argentina,Cordoba,
5453719,04/19/2020,250,9,7,0,,,-32.14068,-63.80113,AR,ARG,Argentina,Cordoba,
5462414,04/20/2020,260,10,8,1,,,-32.14068,-63.80113,AR,ARG,Argentina,Cordoba,
5488832,04/21/2020,262,2,10,2,,,-32.14068,-63.80113,AR,ARG,Argentina,Cordoba,
6303583,04/23/2020,264,2,10,0,,,-32.14068,-63.80113,AR,ARG,Argentina,Cordoba,
6885840,04/24/2020,266,2,11,1,,,-32.14068,-63.80113,AR,ARG,Argentina,Cordoba,
6979887,04/26/2020,269,3,11,0,,,-32.14068,-63.80113,AR,ARG,Argentina,Cordoba,
7075275,04/28/2020,273,4,14,3,,,-32.14068,-63.80113,AR,ARG,Argentina,Cordoba,
7518414,04/29/2020,275,2,15,1,,,-32.14068,-63.80113,AR,ARG,Argentina,Cordoba,
8001358,04/30/2020,276,1,15,0,,,-32.14068,-63.80113,AR,ARG,Argentina,Cordoba,
8478625,05/01/2020,283,7,15,0,,,-32.14068,-63.80113,AR,ARG,Argentina,Cordoba,
8920234,05/02/2020,290,7,15,0,,,-32.14068,-63.80113,AR,ARG,Argentina,Cordoba,
9388253,05/03/2020,297,7,15,0,,,-32.14068,-63.80113,AR,ARG,Argentina,Cordoba,
9861620,05/04/2020,304,7,18,3,,,-32.14068,-63.80113,AR,ARG,Argentina,Cordoba,
10306427,05/05/2020,310,6,20,2,,,-32.14068,-63.80113,AR,ARG,Argentina,Cordoba,
10776754,05/06/2020,311,1,22,2,,,-32.14068,-63.80113,AR,ARG,Argentina,Cordoba,
11282819,05/07/2020,315,4,22,0,,,-32.14068,-63.80113,AR,ARG,Argentina,Cordoba,
11776908,05/08/2020,320,5,23,1,,,-32.14068,-63.80113,AR,ARG,Argentina,Cordoba,
12224893,05/09/2020,324,4,23,0,,,-32.14068,-63.80113,AR,ARG,Argentina,Cordoba,
12674583,05/10/2020,328,4,23,0,,,-32.14068,-63.80113,AR,ARG,Argentina,Cordoba,
13153113,05/11/2020,333,5,23,0,,,-32.14068,-63.80113,AR,ARG,Argentina,Cordoba,
13611073,05/12/2020,347,14,24,1,,,-32.14068,-63.80113,AR,ARG,Argentina,Cordoba,
14064582,05/13/2020,350,3,24,0,,,-32.14068,-63.80113,AR,ARG,Argentina,Cordoba,
14493858,05/14/2020,361,11,24,0,,,-32.14068,-63.80113,AR,ARG,Argentina,Cordoba,
14920426,05/15/2020,366,5,24,0,,,-32.14068,-63.80113,AR,ARG,Argentina,Cordoba,
15334986,05/16/2020,379,13,24,0,,,-32.14068,-63.80113,AR,ARG,Argentina,Cordoba,
15762824,05/17/2020,392,13,24,0,,,-32.14068,-63.80113,AR,ARG,Argentina,Cordoba,
16188154,05/18/2020,405,13,24,0,,,-32.14068,-63.80113,AR,ARG,Argentina,Cordoba,
16634082,05/19/2020,418,13,27,3,,,-32.14068,-63.80113,AR,ARG,Argentina,Cordoba,
17055551,05/20/2020,427,9,27,0,,,-32.14068,-63.80113,AR,ARG,Argentina,Cordoba,
17461571,05/21/2020,429,2,28,1,,,-32.14068,-63.80113,AR,ARG,Argentina,Cordoba,
17858252,05/22/2020,441,12,28,0,,,-32.14068,-63.80113,AR,ARG,Argentina,Cordoba,
18284778,05/23/2020,445,4,28,0,,,-32.14068,-63.80113,AR,ARG,Argentina,Cordoba,
18684522,05/24/2020,449,4,28,0,,,-32.14068,-63.80113,AR,ARG,Argentina,Cordoba,
19070232,05/25/2020,454,5,28,0,,,-32.14068,-63.80113,AR,ARG,Argentina,Cordoba,
19508019,05/26/2020,459,5,30,2,,,-32.14068,-63.80113,AR,ARG,Argentina,Cordoba,
20119157,05/27/2020,459,0,30,0,,,-32.14068,-63.80113,AR,ARG,Argentina,Cordoba,
20686755,05/28/2020,459,0,30,0,,,-32.14068,-63.80113,AR,ARG,Argentina,Cordoba,
21231477,05/29/2020,459,0,30,0,,,-32.14068,-63.80113,AR,ARG,Argentina,Cordoba,
21797086,05/30/2020,459,0,30,0,,,-32.14068,-63.80113,AR,ARG,Argentina,Cordoba,
22323660,05/31/2020,459,0,30,0,,,-32.14068,-63.80113,AR,ARG,Argentina,Cordoba,
22919013,06/01/2020,459,0,31,1,,,-32.14068,-63.80113,AR,ARG,Argentina,Cordoba,
23453120,06/02/2020,459,0,32,1,,,-32.14068,-63.80113,AR,ARG,Argentina,Cordoba,
23988442,06/03/2020,459,0,30,-2,,,-32.14068,-63.80113,AR,ARG,Argentina,Cordoba,
24516264,06/04/2020,460,1,31,1,,,-32.14068,-63.80113,AR,ARG,Argentina,Cordoba,
5310787,04/15/2020,21,,,,,,-32.0573,-59.20301,AR,ARG,Argentina,Entre Rios,
5435049,04/17/2020,22,1,,,,,-32.0573,-59.20301,AR,ARG,Argentina,Entre Rios,
5453722,04/19/2020,22,0,,,,,-32.0573,-59.20301,AR,ARG,Argentina,Entre Rios,
5492196,04/21/2020,22,0,,,,,-32.0573,-59.20301,AR,ARG,Argentina,Entre Rios,
6530021,04/23/2020,22,0,,,,,-32.0573,-59.20301,AR,ARG,Argentina,Entre Rios,
6945932,04/25/2020,22,0,,,,,-32.0573,-59.20301,AR,ARG,Argentina,Entre Rios,
7023455,04/27/2020,23,1,,,,,-32.0573,-59.20301,AR,ARG,Argentina,Entre Rios,
7518418,04/29/2020,23,0,,,,,-32.0573,-59.20301,AR,ARG,Argentina,Entre Rios,
8001366,04/30/2020,23,0,,,,,-32.0573,-59.20301,AR,ARG,Argentina,Entre Rios,
8478629,05/01/2020,23,0,,,,,-32.0573,-59.20301,AR,ARG,Argentina,Entre Rios,
8920238,05/02/2020,23,0,,,,,-32.0573,-59.20301,AR,ARG,Argentina,Entre Rios,
9388267,05/03/2020,23,0,,,,,-32.0573,-59.20301,AR,ARG,Argentina,Entre Rios,
9861624,05/04/2020,27,4,,,,,-32.0573,-59.20301,AR,ARG,Argentina,Entre Rios,
10306435,05/05/2020,27,0,,,,,-32.0573,-59.20301,AR,ARG,Argentina,Entre Rios,
10776762,05/06/2020,28,1,,,,,-32.0573,-59.20301,AR,ARG,Argentina,Entre Rios,
11282831,05/07/2020,28,0,,,,,-32.0573,-59.20301,AR,ARG,Argentina,Entre Rios,
11776924,05/08/2020,28,0,,,,,-32.0573,-59.20301,AR,ARG,Argentina,Entre Rios,
12224906,05/09/2020,28,0,,,,,-32.0573,-59.20301,AR,ARG,Argentina,Entre Rios,
12674587,05/10/2020,28,0,,,,,-32.0573,-59.20301,AR,ARG,Argentina,Entre Rios,
13153126,05/11/2020,28,0,,,,,-32.0573,-59.20301,AR,ARG,Argentina,Entre Rios,
13611077,05/12/2020,28,0,,,,,-32.0573,-59.20301,AR,ARG,Argentina,Entre Rios,
14064586,05/13/2020,28,0,,,,,-32.0573,-59.20301,AR,ARG,Argentina,Entre Rios,
14493873,05/14/2020,29,1,,,,,-32.0573,-59.20301,AR,ARG,Argentina,Entre Rios,
14920433,05/15/2020,30,1,,,,,-32.0573,-59.20301,AR,ARG,Argentina,Entre Rios,
15334990,05/16/2020,30,0,,,,,-32.0573,-59.20301,AR,ARG,Argentina,Entre Rios,
15762849,05/17/2020,30,0,,,,,-32.0573,-59.20301,AR,ARG,Argentina,Entre Rios,
16188162,05/18/2020,30,0,,,,,-32.0573,-59.20301,AR,ARG,Argentina,Entre Rios,
16634086,05/19/2020,30,0,,,,,-32.0573,-59.20301,AR,ARG,Argentina,Entre Rios,
17055555,05/20/2020,30,0,,,,,-32.0573,-59.20301,AR,ARG,Argentina,Entre Rios,
17461582,05/21/2020,30,0,,,,,-32.0573,-59.20301,AR,ARG,Argentina,Entre Rios,
17858256,05/22/2020,30,0,,,,,-32.0573,-59.20301,AR,ARG,Argentina,Entre Rios,
18284782,05/23/2020,30,0,,,,,-32.0573,-59.20301,AR,ARG,Argentina,Entre Rios,
18684526,05/24/2020,30,0,,,,,-32.0573,-59.20301,AR,ARG,Argentina,Entre Rios,
19070236,05/25/2020,30,0,,,,,-32.0573,-59.20301,AR,ARG,Argentina,Entre Rios,
19508023,05/26/2020,30,0,,,,,-32.0573,-59.20301,AR,ARG,Argentina,Entre Rios,
20119164,05/27/2020,30,0,,,,,-32.0573,-59.20301,AR,ARG,Argentina,Entre Rios,
20686763,05/28/2020,30,0,,,,,-32.0573,-59.20301,AR,ARG,Argentina,Entre Rios,
21231481,05/29/2020,30,0,,,,,-32.0573,-59.20301,AR,ARG,Argentina,Entre Rios,
21797094,05/30/2020,30,0,,,,,-32.0573,-59.20301,AR,ARG,Argentina,Entre Rios,
22323666,05/31/2020,30,0,,,,,-32.0573,-59.20301,AR,ARG,Argentina,Entre Rios,
22919017,06/01/2020,31,1,,,,,-32.0573,-59.20301,AR,ARG,Argentina,Entre Rios,
23453124,06/02/2020,31,0,,,,,-32.0573,-59.20301,AR,ARG,Argentina,Entre Rios,
23988452,06/03/2020,33,2,,,,,-32.0573,-59.20301,AR,ARG,Argentina,Entre Rios,
24516268,06/04/2020,35,2,,,,,-32.0573,-59.20301,AR,ARG,Argentina,Entre Rios,
1367945,03/26/2020,8,,,,,,-32.0573,-59.20301,AR,ARG,Argentina,Entre Rios,
5310800,04/15/2020,0,,,,,,-24.89491,-59.9325,AR,ARG,Argentina,Formosa,
5430622,04/17/2020,0,0,,,,,-24.89491,-59.9325,AR,ARG,Argentina,Formosa,
5453749,04/19/2020,0,0,,,,,-24.89491,-59.9325,AR,ARG,Argentina,Formosa,
5492204,04/21/2020,0,0,,,,,-24.89491,-59.9325,AR,ARG,Argentina,Formosa,
6530059,04/23/2020,0,0,,,,,-24.89491,-59.9325,AR,ARG,Argentina,Formosa,
6945939,04/25/2020,0,0,,,,,-24.89491,-59.9325,AR,ARG,Argentina,Formosa,
7044867,04/27/2020,0,0,,,,,-24.89491,-59.9325,AR,ARG,Argentina,Formosa,
7518431,04/29/2020,0,0,,,,,-24.89491,-59.9325,AR,ARG,Argentina,Formosa,
8001391,04/30/2020,0,0,,,,,-24.89491,-59.9325,AR,ARG,Argentina,Formosa,
8478642,05/01/2020,0,0,,,,,-24.89491,-59.9325,AR,ARG,Argentina,Formosa,
8920251,05/02/2020,0,0,,,,,-24.89491,-59.9325,AR,ARG,Argentina,Formosa,
9388284,05/03/2020,0,0,,,,,-24.89491,-59.9325,AR,ARG,Argentina,Formosa,
9861637,05/04/2020,0,0,,,,,-24.89491,-59.9325,AR,ARG,Argentina,Formosa,
10306460,05/05/2020,0,0,,,,,-24.89491,-59.9325,AR,ARG,Argentina,Formosa,
10776786,05/06/2020,0,0,,,,,-24.89491,-59.9325,AR,ARG,Argentina,Formosa,
11282881,05/07/2020,0,0,,,,,-24.89491,-59.9325,AR,ARG,Argentina,Formosa,
11776970,05/08/2020,0,0,,,,,-24.89491,-59.9325,AR,ARG,Argentina,Formosa,
12224925,05/09/2020,0,0,,,,,-24.89491,-59.9325,AR,ARG,Argentina,Formosa,
12674600,05/10/2020,0,0,,,,,-24.89491,-59.9325,AR,ARG,Argentina,Formosa,
13153169,05/11/2020,0,0,,,,,-24.89491,-59.9325,AR,ARG,Argentina,Formosa,
13611090,05/12/2020,0,0,,,,,-24.89491,-59.9325,AR,ARG,Argentina,Formosa,
14064599,05/13/2020,0,0,,,,,-24.89491,-59.9325,AR,ARG,Argentina,Formosa,
14493917,05/14/2020,0,0,,,,,-24.89491,-59.9325,AR,ARG,Argentina,Formosa,
14920457,05/15/2020,0,0,,,,,-24.89491,-59.9325,AR,ARG,Argentina,Formosa,
15335003,05/16/2020,0,0,,,,,-24.89491,-59.9325,AR,ARG,Argentina,Formosa,
15762888,05/17/2020,0,0,,,,,-24.89491,-59.9325,AR,ARG,Argentina,Formosa,
16188181,05/18/2020,0,0,,,,,-24.89491,-59.9325,AR,ARG,Argentina,Formosa,
16634099,05/19/2020,0,0,,,,,-24.89491,-59.9325,AR,ARG,Argentina,Formosa,
17055568,05/20/2020,0,0,,,,,-24.89491,-59.9325,AR,ARG,Argentina,Formosa,
17461619,05/21/2020,0,0,,,,,-24.89491,-59.9325,AR,ARG,Argentina,Formosa,
17858269,05/22/2020,0,0,,,,,-24.89491,-59.9325,AR,ARG,Argentina,Formosa,
18284795,05/23/2020,0,0,,,,,-24.89491,-59.9325,AR,ARG,Argentina,Formosa,
18684539,05/24/2020,0,0,,,,,-24.89491,-59.9325,AR,ARG,Argentina,Formosa,
19070249,05/25/2020,0,0,,,,,-24.89491,-59.9325,AR,ARG,Argentina,Formosa,
19508036,05/26/2020,0,0,,,,,-24.89491,-59.9325,AR,ARG,Argentina,Formosa,
20119244,05/27/2020,0,0,,,,,-24.89491,-59.9325,AR,ARG,Argentina,Formosa,
20686787,05/28/2020,0,0,,,,,-24.89491,-59.9325,AR,ARG,Argentina,Formosa,
21231494,05/29/2020,0,0,,,,,-24.89491,-59.9325,AR,ARG,Argentina,Formosa,
21797119,05/30/2020,0,0,,,,,-24.89491,-59.9325,AR,ARG,Argentina,Formosa,
22323686,05/31/2020,0,0,,,,,-24.89491,-59.9325,AR,ARG,Argentina,Formosa,
22919030,06/01/2020,0,0,,,,,-24.89491,-59.9325,AR,ARG,Argentina,Formosa,
23453139,06/02/2020,0,0,,,,,-24.89491,-59.9325,AR,ARG,Argentina,Formosa,
23988484,06/03/2020,0,0,,,,,-24.89491,-59.9325,AR,ARG,Argentina,Formosa,
24516282,06/04/2020,0,0,,,,,-24.89491,-59.9325,AR,ARG,Argentina,Formosa,
1367950,03/26/2020,3,,,,,,-24.18813,-65.29604,AR,ARG,Argentina,Jujuy,
5310792,04/15/2020,5,2,,,,,-24.18813,-65.29604,AR,ARG,Argentina,Jujuy,
5430615,04/17/2020,5,0,,,,,-24.18813,-65.29604,AR,ARG,Argentina,Jujuy,
5453733,04/19/2020,5,0,,,,,-24.18813,-65.29604,AR,ARG,Argentina,Jujuy,
5492198,04/21/2020,5,0,,,,,-24.18813,-65.29604,AR,ARG,Argentina,Jujuy,
6530033,04/23/2020,5,0,,,,,-24.18813,-65.29604,AR,ARG,Argentina,Jujuy,
6945933,04/25/2020,5,0,,,,,-24.18813,-65.29604,AR,ARG,Argentina,Jujuy,
7044862,04/27/2020,5,0,,,,,-24.18813,-65.29604,AR,ARG,Argentina,Jujuy,
7518423,04/29/2020,5,0,,,,,-24.18813,-65.29604,AR,ARG,Argentina,Jujuy,
8001376,04/30/2020,5,0,,,,,-24.18813,-65.29604,AR,ARG,Argentina,Jujuy,
8478634,05/01/2020,5,0,,,,,-24.18813,-65.29604,AR,ARG,Argentina,Jujuy,
8920243,05/02/2020,5,0,,,,,-24.18813,-65.29604,AR,ARG,Argentina,Jujuy,
9388276,05/03/2020,5,0,,,,,-24.18813,-65.29604,AR,ARG,Argentina,Jujuy,
9861629,05/04/2020,5,0,,,,,-24.18813,-65.29604,AR,ARG,Argentina,Jujuy,
10306444,05/05/2020,5,0,,,,,-24.18813,-65.29604,AR,ARG,Argentina,Jujuy,
10776772,05/06/2020,5,0,,,,,-24.18813,-65.29604,AR,ARG,Argentina,Jujuy,
11282851,05/07/2020,5,0,,,,,-24.18813,-65.29604,AR,ARG,Argentina,Jujuy,
11776942,05/08/2020,5,0,,,,,-24.18813,-65.29604,AR,ARG,Argentina,Jujuy,
12224917,05/09/2020,5,0,,,,,-24.18813,-65.29604,AR,ARG,Argentina,Jujuy,
12674592,05/10/2020,5,0,,,,,-24.18813,-65.29604,AR,ARG,Argentina,Jujuy,
13153143,05/11/2020,5,0,,,,,-24.18813,-65.29604,AR,ARG,Argentina,Jujuy,
13611082,05/12/2020,5,0,,,,,-24.18813,-65.29604,AR,ARG,Argentina,Jujuy,
14064591,05/13/2020,5,0,,,,,-24.18813,-65.29604,AR,ARG,Argentina,Jujuy,
14493889,05/14/2020,5,0,,,,,-24.18813,-65.29604,AR,ARG,Argentina,Jujuy,
14920441,05/15/2020,5,0,,,,,-24.18813,-65.29604,AR,ARG,Argentina,Jujuy,
15334995,05/16/2020,5,0,,,,,-24.18813,-65.29604,AR,ARG,Argentina,Jujuy,
15762870,05/17/2020,5,0,,,,,-24.18813,-65.29604,AR,ARG,Argentina,Jujuy,
16188170,05/18/2020,5,0,,,,,-24.18813,-65.29604,AR,ARG,Argentina,Jujuy,
16634091,05/19/2020,5,0,,,,,-24.18813,-65.29604,AR,ARG,Argentina,Jujuy,
17055560,05/20/2020,5,0,,,,,-24.18813,-65.29604,AR,ARG,Argentina,Jujuy,
17461596,05/21/2020,5,0,,,,,-24.18813,-65.29604,AR,ARG,Argentina,Jujuy,
17858261,05/22/2020,5,0,,,,,-24.18813,-65.29604,AR,ARG,Argentina,Jujuy,
18284787,05/23/2020,5,0,,,,,-24.18813,-65.29604,AR,ARG,Argentina,Jujuy,
18684531,05/24/2020,5,0,,,,,-24.18813,-65.29604,AR,ARG,Argentina,Jujuy,
19070241,05/25/2020,5,0,,,,,-24.18813,-65.29604,AR,ARG,Argentina,Jujuy,
19508028,05/26/2020,5,0,,,,,-24.18813,-65.29604,AR,ARG,Argentina,Jujuy,
20119173,05/27/2020,5,0,,,,,-24.18813,-65.29604,AR,ARG,Argentina,Jujuy,
20686772,05/28/2020,5,0,,,,,-24.18813,-65.29604,AR,ARG,Argentina,Jujuy,
21231486,05/29/2020,6,1,,,,,-24.18813,-65.29604,AR,ARG,Argentina,Jujuy,
21797103,05/30/2020,6,0,,,,,-24.18813,-65.29604,AR,ARG,Argentina,Jujuy,
22323674,05/31/2020,6,0,,,,,-24.18813,-65.29604,AR,ARG,Argentina,Jujuy,
22919022,06/01/2020,6,0,,,,,-24.18813,-65.29604,AR,ARG,Argentina,Jujuy,
23453129,06/02/2020,6,0,,,,,-24.18813,-65.29604,AR,ARG,Argentina,Jujuy,
23988465,06/03/2020,6,0,,,,,-24.18813,-65.29604,AR,ARG,Argentina,Jujuy,
24516273,06/04/2020,6,0,,,,,-24.18813,-65.29604,AR,ARG,Argentina,Jujuy,
5310802,04/15/2020,22,,1,,,,-29.68154,-67.17717,AR,ARG,Argentina,La Rioja,
5415913,04/16/2020,31,9,2,1,,,-29.68154,-67.17717,AR,ARG,Argentina,La Rioja,
5435055,04/17/2020,34,3,2,0,,,-29.68154,-67.17717,AR,ARG,Argentina,La Rioja,
5453751,04/19/2020,34,0,2,0,,,-29.68154,-67.17717,AR,ARG,Argentina,La Rioja,
5462421,04/20/2020,39,5,3,1,,,-29.68154,-67.17717,AR,ARG,Argentina,La Rioja,
5531496,04/22/2020,40,1,5,2,,,-29.68154,-67.17717,AR,ARG,Argentina,La Rioja,
6303590,04/23/2020,45,5,5,0,,,-29.68154,-67.17717,AR,ARG,Argentina,La Rioja,
6930421,04/25/2020,45,0,5,0,,,-29.68154,-67.17717,AR,ARG,Argentina,La Rioja,
7023461,04/27/2020,50,5,6,1,,,-29.68154,-67.17717,AR,ARG,Argentina,La Rioja,
7518433,04/29/2020,51,1,6,0,,,-29.68154,-67.17717,AR,ARG,Argentina,La Rioja,
8001394,04/30/2020,52,1,6,0,,,-29.68154,-67.17717,AR,ARG,Argentina,La Rioja,
8478644,05/01/2020,52,0,6,0,,,-29.68154,-67.17717,AR,ARG,Argentina,La Rioja,
8920253,05/02/2020,53,1,6,0,,,-29.68154,-67.17717,AR,ARG,Argentina,La Rioja,
9388286,05/03/2020,54,1,6,0,,,-29.68154,-67.17717,AR,ARG,Argentina,La Rioja,
9861639,05/04/2020,55,1,6,0,,,-29.68154,-67.17717,AR,ARG,Argentina,La Rioja,
10306468,05/05/2020,56,1,6,0,,,-29.68154,-67.17717,AR,ARG,Argentina,La Rioja,
10776790,05/06/2020,56,0,6,0,,,-29.68154,-67.17717,AR,ARG,Argentina,La Rioja,
11282889,05/07/2020,57,1,6,0,,,-29.68154,-67.17717,AR,ARG,Argentina,La Rioja,
11776973,05/08/2020,58,1,6,0,,,-29.68154,-67.17717,AR,ARG,Argentina,La Rioja,
12224927,05/09/2020,58,0,6,0,,,-29.68154,-67.17717,AR,ARG,Argentina,La Rioja,
12674602,05/10/2020,58,0,6,0,,,-29.68154,-67.17717,AR,ARG,Argentina,La Rioja,
13153175,05/11/2020,59,1,7,1,,,-29.68154,-67.17717,AR,ARG,Argentina,La Rioja,
13611092,05/12/2020,60,1,7,0,,,-29.68154,-67.17717,AR,ARG,Argentina,La Rioja,
14064601,05/13/2020,60,0,7,0,,,-29.68154,-67.17717,AR,ARG,Argentina,La Rioja,
14493924,05/14/2020,60,0,7,0,,,-29.68154,-67.17717,AR,ARG,Argentina,La Rioja,
14920460,05/15/2020,60,0,7,0,,,-29.68154,-67.17717,AR,ARG,Argentina,La Rioja,
15335005,05/16/2020,60,0,7,0,,,-29.68154,-67.17717,AR,ARG,Argentina,La Rioja,
15762893,05/17/2020,61,1,7,0,,,-29.68154,-67.17717,AR,ARG,Argentina,La Rioja,
16188183,05/18/2020,62,1,7,0,,,-29.68154,-67.17717,AR,ARG,Argentina,La Rioja,
16634101,05/19/2020,63,1,7,0,,,-29.68154,-67.17717,AR,ARG,Argentina,La Rioja,
17055570,05/20/2020,63,0,7,0,,,-29.68154,-67.17717,AR,ARG,Argentina,La Rioja,
17461624,05/21/2020,63,0,7,0,,,-29.68154,-67.17717,AR,ARG,Argentina,La Rioja,
17858271,05/22/2020,63,0,7,0,,,-29.68154,-67.17717,AR,ARG,Argentina,La Rioja,
18284797,05/23/2020,63,0,7,0,,,-29.68154,-67.17717,AR,ARG,Argentina,La Rioja,
18684541,05/24/2020,63,0,7,0,,,-29.68154,-67.17717,AR,ARG,Argentina,La Rioja,
19070251,05/25/2020,63,0,7,0,,,-29.68154,-67.17717,AR,ARG,Argentina,La Rioja,
19508038,05/26/2020,63,0,7,0,,,-29.68154,-67.17717,AR,ARG,Argentina,La Rioja,
20119264,05/27/2020,63,0,7,0,,,-29.68154,-67.17717,AR,ARG,Argentina,La Rioja,
20686791,05/28/2020,63,0,7,0,,,-29.68154,-67.17717,AR,ARG,Argentina,La Rioja,
21231496,05/29/2020,63,0,7,0,,,-29.68154,-67.17717,AR,ARG,Argentina,La Rioja,
21797123,05/30/2020,63,0,7,0,,,-29.68154,-67.17717,AR,ARG,Argentina,La Rioja,
22323689,05/31/2020,63,0,7,0,,,-29.68154,-67.17717,AR,ARG,Argentina,La Rioja,
22919032,06/01/2020,63,0,7,0,,,-29.68154,-67.17717,AR,ARG,Argentina,La Rioja,
23453143,06/02/2020,63,0,7,0,,,-29.68154,-67.17717,AR,ARG,Argentina,La Rioja,
23988490,06/03/2020,63,0,7,0,,,-29.68154,-67.17717,AR,ARG,Argentina,La Rioja,
24516284,06/04/2020,63,0,7,0,,,-29.68154,-67.17717,AR,ARG,Argentina,La Rioja,
1367951,03/26/2020,1,,,,,,-26.87498,-54.65082,AR,ARG,Argentina,Misiones,
5310793,04/15/2020,3,2,,,,,-26.87498,-54.65082,AR,ARG,Argentina,Misiones,
5430616,04/17/2020,3,0,,,,,-26.87498,-54.65082,AR,ARG,Argentina,Misiones,
5453736,04/19/2020,3,0,,,,,-26.87498,-54.65082,AR,ARG,Argentina,Misiones,
5462420,04/20/2020,5,2,,,,,-26.87498,-54.65082,AR,ARG,Argentina,Misiones,
5532801,04/22/2020,5,0,,,,,-26.87498,-54.65082,AR,ARG,Argentina,Misiones,
6883841,04/24/2020,5,0,,,,,-26.87498,-54.65082,AR,ARG,Argentina,Misiones,
6979149,04/26/2020,5,0,,,,,-26.87498,-54.65082,AR,ARG,Argentina,Misiones,
7023458,04/27/2020,6,1,1,,,,-26.87498,-54.65082,AR,ARG,Argentina,Misiones,
7075279,04/28/2020,8,2,1,0,,,-26.87498,-54.65082,AR,ARG,Argentina,Misiones,
7518424,04/29/2020,8,0,1,0,,,-26.87498,-54.65082,AR,ARG,Argentina,Misiones,
8001378,04/30/2020,12,4,1,0,,,-26.87498,-54.65082,AR,ARG,Argentina,Misiones,
8478635,05/01/2020,12,0,1,0,,,-26.87498,-54.65082,AR,ARG,Argentina,Misiones,
8920244,05/02/2020,12,0,1,0,,,-26.87498,-54.65082,AR,ARG,Argentina,Misiones,
9388277,05/03/2020,12,0,1,0,,,-26.87498,-54.65082,AR,ARG,Argentina,Misiones,
9861630,05/04/2020,24,12,1,0,,,-26.87498,-54.65082,AR,ARG,Argentina,Misiones,
10306446,05/05/2020,25,1,1,0,,,-26.87498,-54.65082,AR,ARG,Argentina,Misiones,
10776773,05/06/2020,25,0,1,0,,,-26.87498,-54.65082,AR,ARG,Argentina,Misiones,
11282855,05/07/2020,25,0,1,0,,,-26.87498,-54.65082,AR,ARG,Argentina,Misiones,
11776946,05/08/2020,25,0,1,0,,,-26.87498,-54.65082,AR,ARG,Argentina,Misiones,
12224918,05/09/2020,25,0,1,0,,,-26.87498,-54.65082,AR,ARG,Argentina,Misiones,
12674593,05/10/2020,25,0,1,0,,,-26.87498,-54.65082,AR,ARG,Argentina,Misiones,
13153145,05/11/2020,25,0,1,0,,,-26.87498,-54.65082,AR,ARG,Argentina,Misiones,
13611083,05/12/2020,26,1,1,0,,,-26.87498,-54.65082,AR,ARG,Argentina,Misiones,
14064592,05/13/2020,26,0,1,0,,,-26.87498,-54.65082,AR,ARG,Argentina,Misiones,
14493892,05/14/2020,26,0,1,0,,,-26.87498,-54.65082,AR,ARG,Argentina,Misiones,
14920443,05/15/2020,26,0,1,0,,,-26.87498,-54.65082,AR,ARG,Argentina,Misiones,
15334996,05/16/2020,26,0,1,0,,,-26.87498,-54.65082,AR,ARG,Argentina,Misiones,
15762873,05/17/2020,26,0,1,0,,,-26.87498,-54.65082,AR,ARG,Argentina,Misiones,
16188171,05/18/2020,26,0,1,0,,,-26.87498,-54.65082,AR,ARG,Argentina,Misiones,
16634092,05/19/2020,26,0,1,0,,,-26.87498,-54.65082,AR,ARG,Argentina,Misiones,
17055561,05/20/2020,26,0,1,0,,,-26.87498,-54.65082,AR,ARG,Argentina,Misiones,
17461599,05/21/2020,26,0,1,0,,,-26.87498,-54.65082,AR,ARG,Argentina,Misiones,
17858262,05/22/2020,26,0,1,0,,,-26.87498,-54.65082,AR,ARG,Argentina,Misiones,
18284788,05/23/2020,26,0,1,0,,,-26.87498,-54.65082,AR,ARG,Argentina,Misiones,
18684532,05/24/2020,26,0,1,0,,,-26.87498,-54.65082,AR,ARG,Argentina,Misiones,
19070242,05/25/2020,26,0,1,0,,,-26.87498,-54.65082,AR,ARG,Argentina,Misiones,
19508029,05/26/2020,26,0,1,0,,,-26.87498,-54.65082,AR,ARG,Argentina,Misiones,
20119183,05/27/2020,26,0,1,0,,,-26.87498,-54.65082,AR,ARG,Argentina,Misiones,
20686774,05/28/2020,26,0,1,0,,,-26.87498,-54.65082,AR,ARG,Argentina,Misiones,
21231487,05/29/2020,27,1,1,0,,,-26.87498,-54.65082,AR,ARG,Argentina,Misiones,
21797105,05/30/2020,27,0,1,0,,,-26.87498,-54.65082,AR,ARG,Argentina,Misiones,
22323675,05/31/2020,27,0,1,0,,,-26.87498,-54.65082,AR,ARG,Argentina,Misiones,
22919023,06/01/2020,28,1,1,0,,,-26.87498,-54.65082,AR,ARG,Argentina,Misiones,
23453130,06/02/2020,28,0,1,0,,,-26.87498,-54.65082,AR,ARG,Argentina,Misiones,
23988467,06/03/2020,28,0,1,0,,,-26.87498,-54.65082,AR,ARG,Argentina,Misiones,
24516274,06/04/2020,29,1,1,0,,,-26.87498,-54.65082,AR,ARG,Argentina,Misiones,
1367946,03/26/2020,7,,,,,,-32.89035,-68.84332,AR,ARG,Argentina,Mendoza,
5310788,04/15/2020,59,52,4,,,,-32.89035,-68.84332,AR,ARG,Argentina,Mendoza,
5415909,04/16/2020,63,4,5,1,,,-32.89035,-68.84332,AR,ARG,Argentina,Mendoza,
5435050,04/17/2020,68,5,5,0,,,-32.89035,-68.84332,AR,ARG,Argentina,Mendoza,
5453724,04/19/2020,70,2,5,0,,,-32.89035,-68.84332,AR,ARG,Argentina,Mendoza,
5462417,04/20/2020,72,2,8,3,,,-32.89035,-68.84332,AR,ARG,Argentina,Mendoza,
5488835,04/21/2020,73,1,8,0,,,-32.89035,-68.84332,AR,ARG,Argentina,Mendoza,
6303586,04/23/2020,74,1,8,0,,,-32.89035,-68.84332,AR,ARG,Argentina,Mendoza,
6885843,04/24/2020,75,1,9,1,,,-32.89035,-68.84332,AR,ARG,Argentina,Mendoza,
6979890,04/26/2020,75,0,9,0,,,-32.89035,-68.84332,AR,ARG,Argentina,Mendoza,
7078045,04/28/2020,75,0,9,0,,,-32.89035,-68.84332,AR,ARG,Argentina,Mendoza,
7518419,04/29/2020,76,1,9,0,,,-32.89035,-68.84332,AR,ARG,Argentina,Mendoza,
8001368,04/30/2020,78,2,9,0,,,-32.89035,-68.84332,AR,ARG,Argentina,Mendoza,
8478630,05/01/2020,79,1,9,0,,,-32.89035,-68.84332,AR,ARG,Argentina,Mendoza,
8920239,05/02/2020,80,1,9,0,,,-32.89035,-68.84332,AR,ARG,Argentina,Mendoza,
9388271,05/03/2020,82,2,9,0,,,-32.89035,-68.84332,AR,ARG,Argentina,Mendoza,
9861625,05/04/2020,84,2,9,0,,,-32.89035,-68.84332,AR,ARG,Argentina,Mendoza,
10306437,05/05/2020,84,0,9,0,,,-32.89035,-68.84332,AR,ARG,Argentina,Mendoza,
10776764,05/06/2020,85,1,9,0,,,-32.89035,-68.84332,AR,ARG,Argentina,Mendoza,
11282835,05/07/2020,85,0,9,0,,,-32.89035,-68.84332,AR,ARG,Argentina,Mendoza,
11776927,05/08/2020,85,0,9,0,,,-32.89035,-68.84332,AR,ARG,Argentina,Mendoza,
12224909,05/09/2020,85,0,9,0,,,-32.89035,-68.84332,AR,ARG,Argentina,Mendoza,
12674588,05/10/2020,85,0,9,0,,,-32.89035,-68.84332,AR,ARG,Argentina,Mendoza,
13153130,05/11/2020,86,1,9,0,,,-32.89035,-68.84332,AR,ARG,Argentina,Mendoza,
13611078,05/12/2020,86,0,9,0,,,-32.89035,-68.84332,AR,ARG,Argentina,Mendoza,
14064587,05/13/2020,87,1,9,0,,,-32.89035,-68.84332,AR,ARG,Argentina,Mendoza,
14493875,05/14/2020,88,1,9,0,,,-32.89035,-68.84332,AR,ARG,Argentina,Mendoza,
14920435,05/15/2020,88,0,9,0,,,-32.89035,-68.84332,AR,ARG,Argentina,Mendoza,
15334991,05/16/2020,88,0,9,0,,,-32.89035,-68.84332,AR,ARG,Argentina,Mendoza,
15762855,05/17/2020,88,0,9,0,,,-32.89035,-68.84332,AR,ARG,Argentina,Mendoza,
16188164,05/18/2020,88,0,9,0,,,-32.89035,-68.84332,AR,ARG,Argentina,Mendoza,
16634087,05/19/2020,88,0,9,0,,,-32.89035,-68.84332,AR,ARG,Argentina,Mendoza,
17055556,05/20/2020,89,1,9,0,,,-32.89035,-68.84332,AR,ARG,Argentina,Mendoza,
17461585,05/21/2020,89,0,9,0,,,-32.89035,-68.84332,AR,ARG,Argentina,Mendoza,
17858257,05/22/2020,90,1,9,0,,,-32.89035,-68.84332,AR,ARG,Argentina,Mendoza,
18284783,05/23/2020,90,0,9,0,,,-32.89035,-68.84332,AR,ARG,Argentina,Mendoza,
18684527,05/24/2020,90,0,9,0,,,-32.89035,-68.84332,AR,ARG,Argentina,Mendoza,
19070237,05/25/2020,90,0,9,0,,,-32.89035,-68.84332,AR,ARG,Argentina,Mendoza,
19508024,05/26/2020,90,0,9,0,,,-32.89035,-68.84332,AR,ARG,Argentina,Mendoza,
20119166,05/27/2020,90,0,9,0,,,-32.89035,-68.84332,AR,ARG,Argentina,Mendoza,
20686765,05/28/2020,90,0,9,0,,,-32.89035,-68.84332,AR,ARG,Argentina,Mendoza,
21231482,05/29/2020,90,0,9,0,,,-32.89035,-68.84332,AR,ARG,Argentina,Mendoza,
21797096,05/30/2020,90,0,9,0,,,-32.89035,-68.84332,AR,ARG,Argentina,Mendoza,
22323668,05/31/2020,91,1,9,0,,,-32.89035,-68.84332,AR,ARG,Argentina,Mendoza,
22919018,06/01/2020,92,1,9,0,,,-32.89035,-68.84332,AR,ARG,Argentina,Mendoza,
23453125,06/02/2020,100,8,9,0,,,-32.89035,-68.84332,AR,ARG,Argentina,Mendoza,
23988454,06/03/2020,100,0,9,0,,,-32.89035,-68.84332,AR,ARG,Argentina,Mendoza,
24516269,06/04/2020,100,0,9,0,,,-32.89035,-68.84332,AR,ARG,Argentina,Mendoza,
5310790,04/15/2020,88,,5,,,,-38.64054,-70.11623,AR,ARG,Argentina,Neuquen,
5415911,04/16/2020,91,3,5,0,,,-38.64054,-70.11623,AR,ARG,Argentina,Neuquen,
5435052,04/17/2020,92,1,5,0,,,-38.64054,-70.11623,AR,ARG,Argentina,Neuquen,
5453729,04/19/2020,95,3,5,0,,,-38.64054,-70.11623,AR,ARG,Argentina,Neuquen,
5462419,04/20/2020,99,4,5,0,,,-38.64054,-70.11623,AR,ARG,Argentina,Neuquen,
5488837,04/21/2020,102,3,5,0,,,-38.64054,-70.11623,AR,ARG,Argentina,Neuquen,
6303588,04/23/2020,103,1,5,0,,,-38.64054,-70.11623,AR,ARG,Argentina,Neuquen,
6885845,04/24/2020,104,1,5,0,,,-38.64054,-70.11623,AR,ARG,Argentina,Neuquen,
6979892,04/26/2020,106,2,5,0,,,-38.64054,-70.11623,AR,ARG,Argentina,Neuquen,
7075278,04/28/2020,108,2,5,0,,,-38.64054,-70.11623,AR,ARG,Argentina,Neuquen,
7518421,04/29/2020,108,0,5,0,,,-38.64054,-70.11623,AR,ARG,Argentina,Neuquen,
8001372,04/30/2020,109,1,5,0,,,-38.64054,-70.11623,AR,ARG,Argentina,Neuquen,
8478632,05/01/2020,109,0,5,0,,,-38.64054,-70.11623,AR,ARG,Argentina,Neuquen,
8920241,05/02/2020,109,0,5,0,,,-38.64054,-70.11623,AR,ARG,Argentina,Neuquen,
9388274,05/03/2020,109,0,5,0,,,-38.64054,-70.11623,AR,ARG,Argentina,Neuquen,
9861627,05/04/2020,110,1,5,0,,,-38.64054,-70.11623,AR,ARG,Argentina,Neuquen,
10306440,05/05/2020,110,0,5,0,,,-38.64054,-70.11623,AR,ARG,Argentina,Neuquen,
10776768,05/06/2020,110,0,5,0,,,-38.64054,-70.11623,AR,ARG,Argentina,Neuquen,
11282843,05/07/2020,110,0,5,0,,,-38.64054,-70.11623,AR,ARG,Argentina,Neuquen,
11776935,05/08/2020,110,0,5,0,,,-38.64054,-70.11623,AR,ARG,Argentina,Neuquen,
12224915,05/09/2020,110,0,5,0,,,-38.64054,-70.11623,AR,ARG,Argentina,Neuquen,
12674590,05/10/2020,110,0,5,0,,,-38.64054,-70.11623,AR,ARG,Argentina,Neuquen,
13153136,05/11/2020,111,1,5,0,,,-38.64054,-70.11623,AR,ARG,Argentina,Neuquen,
13611080,05/12/2020,111,0,5,0,,,-38.64054,-70.11623,AR,ARG,Argentina,Neuquen,
14064589,05/13/2020,112,1,5,0,,,-38.64054,-70.11623,AR,ARG,Argentina,Neuquen,
14493882,05/14/2020,113,1,5,0,,,-38.64054,-70.11623,AR,ARG,Argentina,Neuquen,
14920438,05/15/2020,114,1,5,0,,,-38.64054,-70.11623,AR,ARG,Argentina,Neuquen,
15334993,05/16/2020,114,0,5,0,,,-38.64054,-70.11623,AR,ARG,Argentina,Neuquen,
15762866,05/17/2020,114,0,5,0,,,-38.64054,-70.11623,AR,ARG,Argentina,Neuquen,
16188167,05/18/2020,114,0,5,0,,,-38.64054,-70.11623,AR,ARG,Argentina,Neuquen,
16634089,05/19/2020,114,0,5,0,,,-38.64054,-70.11623,AR,ARG,Argentina,Neuquen,
17055558,05/20/2020,114,0,5,0,,,-38.64054,-70.11623,AR,ARG,Argentina,Neuquen,
17461590,05/21/2020,114,0,5,0,,,-38.64054,-70.11623,AR,ARG,Argentina,Neuquen,
17858259,05/22/2020,114,0,5,0,,,-38.64054,-70.11623,AR,ARG,Argentina,Neuquen,
18284785,05/23/2020,114,0,5,0,,,-38.64054,-70.11623,AR,ARG,Argentina,Neuquen,
18684529,05/24/2020,114,0,5,0,,,-38.64054,-70.11623,AR,ARG,Argentina,Neuquen,
19070239,05/25/2020,115,1,5,0,,,-38.64054,-70.11623,AR,ARG,Argentina,Neuquen,
19508026,05/26/2020,116,1,5,0,,,-38.64054,-70.11623,AR,ARG,Argentina,Neuquen,
20119170,05/27/2020,123,7,5,0,,,-38.64054,-70.11623,AR,ARG,Argentina,Neuquen,
20686768,05/28/2020,125,2,5,0,,,-38.64054,-70.11623,AR,ARG,Argentina,Neuquen,
21231484,05/29/2020,128,3,5,0,,,-38.64054,-70.11623,AR,ARG,Argentina,Neuquen,
21797100,05/30/2020,130,2,5,0,,,-38.64054,-70.11623,AR,ARG,Argentina,Neuquen,
22323671,05/31/2020,132,2,5,0,,,-38.64054,-70.11623,AR,ARG,Argentina,Neuquen,
22919020,06/01/2020,134,2,5,0,,,-38.64054,-70.11623,AR,ARG,Argentina,Neuquen,
23453127,06/02/2020,137,3,5,0,,,-38.64054,-70.11623,AR,ARG,Argentina,Neuquen,
23988460,06/03/2020,140,3,5,0,,,-38.64054,-70.11623,AR,ARG,Argentina,Neuquen,
24516271,06/04/2020,150,10,5,0,,,-38.64054,-70.11623,AR,ARG,Argentina,Neuquen,
1367948,03/26/2020,7,,,,,,-38.95127,-68.06074,AR,ARG,Argentina,Neuquen,
5310789,04/15/2020,81,,4,,,,-40.40715,-67.22718,AR,ARG,Argentina,Rio Negro,
5415910,04/16/2020,106,25,4,0,,,-40.40715,-67.22718,AR,ARG,Argentina,Rio Negro,
5435051,04/17/2020,115,9,4,0,,,-40.40715,-67.22718,AR,ARG,Argentina,Rio Negro,
5453726,04/19/2020,121,6,4,0,,,-40.40715,-67.22718,AR,ARG,Argentina,Rio Negro,
5462418,04/20/2020,127,6,5,1,,,-40.40715,-67.22718,AR,ARG,Argentina,Rio Negro,
5488836,04/21/2020,137,10,6,1,,,-40.40715,-67.22718,AR,ARG,Argentina,Rio Negro,
5531495,04/22/2020,148,11,6,0,,,-40.40715,-67.22718,AR,ARG,Argentina,Rio Negro,
6303587,04/23/2020,165,17,6,0,,,-40.40715,-67.22718,AR,ARG,Argentina,Rio Negro,
6885844,04/24/2020,169,4,6,0,,,-40.40715,-67.22718,AR,ARG,Argentina,Rio Negro,
6979891,04/26/2020,177,8,6,0,,,-40.40715,-67.22718,AR,ARG,Argentina,Rio Negro,
7023456,04/27/2020,185,8,7,1,,,-40.40715,-67.22718,AR,ARG,Argentina,Rio Negro,
7075277,04/28/2020,193,8,7,0,,,-40.40715,-67.22718,AR,ARG,Argentina,Rio Negro,
7518420,04/29/2020,206,13,7,0,,,-40.40715,-67.22718,AR,ARG,Argentina,Rio Negro,
8001370,04/30/2020,214,8,8,1,,,-40.40715,-67.22718,AR,ARG,Argentina,Rio Negro,
8478631,05/01/2020,222,8,8,0,,,-40.40715,-67.22718,AR,ARG,Argentina,Rio Negro,
8920240,05/02/2020,230,8,8,0,,,-40.40715,-67.22718,AR,ARG,Argentina,Rio Negro,
9388273,05/03/2020,239,9,8,0,,,-40.40715,-67.22718,AR,ARG,Argentina,Rio Negro,
9861626,05/04/2020,248,9,10,2,,,-40.40715,-67.22718,AR,ARG,Argentina,Rio Negro,
10306439,05/05/2020,255,7,10,0,,,-40.40715,-67.22718,AR,ARG,Argentina,Rio Negro,
10776766,05/06/2020,259,4,10,0,,,-40.40715,-67.22718,AR,ARG,Argentina,Rio Negro,
11282839,05/07/2020,263,4,10,0,,,-40.40715,-67.22718,AR,ARG,Argentina,Rio Negro,
11776931,05/08/2020,268,5,10,0,,,-40.40715,-67.22718,AR,ARG,Argentina,Rio Negro,
12224912,05/09/2020,270,2,10,0,,,-40.40715,-67.22718,AR,ARG,Argentina,Rio Negro,
12674589,05/10/2020,273,3,10,0,,,-40.40715,-67.22718,AR,ARG,Argentina,Rio Negro,
13153133,05/11/2020,276,3,10,0,,,-40.40715,-67.22718,AR,ARG,Argentina,Rio Negro,
13611079,05/12/2020,289,13,11,1,,,-40.40715,-67.22718,AR,ARG,Argentina,Rio Negro,
14064588,05/13/2020,290,1,11,0,,,-40.40715,-67.22718,AR,ARG,Argentina,Rio Negro,
14493878,05/14/2020,294,4,11,0,,,-40.40715,-67.22718,AR,ARG,Argentina,Rio Negro,
14920437,05/15/2020,298,4,11,0,,,-40.40715,-67.22718,AR,ARG,Argentina,Rio Negro,
15334992,05/16/2020,304,6,11,0,,,-40.40715,-67.22718,AR,ARG,Argentina,Rio Negro,
15762862,05/17/2020,311,7,11,0,,,-40.40715,-67.22718,AR,ARG,Argentina,Rio Negro,
16188166,05/18/2020,318,7,11,0,,,-40.40715,-67.22718,AR,ARG,Argentina,Rio Negro,
16634088,05/19/2020,325,7,13,2,,,-40.40715,-67.22718,AR,ARG,Argentina,Rio Negro,
17055557,05/20/2020,331,6,13,0,,,-40.40715,-67.22718,AR,ARG,Argentina,Rio Negro,
17461588,05/21/2020,333,2,14,1,,,-40.40715,-67.22718,AR,ARG,Argentina,Rio Negro,
17858258,05/22/2020,336,3,14,0,,,-40.40715,-67.22718,AR,ARG,Argentina,Rio Negro,
18284784,05/23/2020,341,5,14,0,,,-40.40715,-67.22718,AR,ARG,Argentina,Rio Negro,
18684528,05/24/2020,346,5,14,0,,,-40.40715,-67.22718,AR,ARG,Argentina,Rio Negro,
19070238,05/25/2020,351,5,14,0,,,-40.40715,-67.22718,AR,ARG,Argentina,Rio Negro,
19508025,05/26/2020,356,5,17,3,,,-40.40715,-67.22718,AR,ARG,Argentina,Rio Negro,
20119168,05/27/2020,360,4,17,0,,,-40.40715,-67.22718,AR,ARG,Argentina,Rio Negro,
20686767,05/28/2020,368,8,17,0,,,-40.40715,-67.22718,AR,ARG,Argentina,Rio Negro,
21231483,05/29/2020,375,7,17,0,,,-40.40715,-67.22718,AR,ARG,Argentina,Rio Negro,
21797098,05/30/2020,382,7,17,0,,,-40.40715,-67.22718,AR,ARG,Argentina,Rio Negro,
22323669,05/31/2020,389,7,17,0,,,-40.40715,-67.22718,AR,ARG,Argentina,Rio Negro,
22919019,06/01/2020,396,7,17,0,,,-40.40715,-67.22718,AR,ARG,Argentina,Rio Negro,
23453126,06/02/2020,407,11,18,1,,,-40.40715,-67.22718,AR,ARG,Argentina,Rio Negro,
23988457,06/03/2020,410,3,18,0,,,-40.40715,-67.22718,AR,ARG,Argentina,Rio Negro,
24516270,06/04/2020,426,16,18,0,,,-40.40715,-67.22718,AR,ARG,Argentina,Rio Negro,
5310803,04/15/2020,2,,,,,,-30.86179,-68.88118,AR,ARG,Argentina,San Juan,
5430624,04/17/2020,2,0,,,,,-30.86179,-68.88118,AR,ARG,Argentina,San Juan,
5453753,04/19/2020,2,0,,,,,-30.86179,-68.88118,AR,ARG,Argentina,San Juan,
5492206,04/21/2020,2,0,,,,,-30.86179,-68.88118,AR,ARG,Argentina,San Juan,
6530069,04/23/2020,2,0,,,,,-30.86179,-68.88118,AR,ARG,Argentina,San Juan,
6945941,04/25/2020,2,0,,,,,-30.86179,-68.88118,AR,ARG,Argentina,San Juan,
7044869,04/27/2020,2,0,,,,,-30.86179,-68.88118,AR,ARG,Argentina,San Juan,
7518434,04/29/2020,2,0,,,,,-30.86179,-68.88118,AR,ARG,Argentina,San Juan,
8001396,04/30/2020,2,0,,,,,-30.86179,-68.88118,AR,ARG,Argentina,San Juan,
8478645,05/01/2020,2,0,,,,,-30.86179,-68.88118,AR,ARG,Argentina,San Juan,
8920254,05/02/2020,2,0,,,,,-30.86179,-68.88118,AR,ARG,Argentina,San Juan,
9388287,05/03/2020,2,0,,,,,-30.86179,-68.88118,AR,ARG,Argentina,San Juan,
9861640,05/04/2020,2,0,,,,,-30.86179,-68.88118,AR,ARG,Argentina,San Juan,
10306477,05/05/2020,2,0,,,,,-30.86179,-68.88118,AR,ARG,Argentina,San Juan,
10776791,05/06/2020,2,0,,,,,-30.86179,-68.88118,AR,ARG,Argentina,San Juan,
11282894,05/07/2020,2,0,,,,,-30.86179,-68.88118,AR,ARG,Argentina,San Juan,
11776974,05/08/2020,3,1,,,,,-30.86179,-68.88118,AR,ARG,Argentina,San Juan,
12224928,05/09/2020,3,0,,,,,-30.86179,-68.88118,AR,ARG,Argentina,San Juan,
12674603,05/10/2020,3,0,,,,,-30.86179,-68.88118,AR,ARG,Argentina,San Juan,
13153178,05/11/2020,3,0,,,,,-30.86179,-68.88118,AR,ARG,Argentina,San Juan,
13611093,05/12/2020,3,0,,,,,-30.86179,-68.88118,AR,ARG,Argentina,San Juan,
14064602,05/13/2020,3,0,,,,,-30.86179,-68.88118,AR,ARG,Argentina,San Juan,
14493927,05/14/2020,3,0,,,,,-30.86179,-68.88118,AR,ARG,Argentina,San Juan,
14920461,05/15/2020,3,0,,,,,-30.86179,-68.88118,AR,ARG,Argentina,San Juan,
15335006,05/16/2020,3,0,,,,,-30.86179,-68.88118,AR,ARG,Argentina,San Juan,
15762894,05/17/2020,3,0,,,,,-30.86179,-68.88118,AR,ARG,Argentina,San Juan,
16188184,05/18/2020,3,0,,,,,-30.86179,-68.88118,AR,ARG,Argentina,San Juan,
16634102,05/19/2020,4,1,,,,,-30.86179,-68.88118,AR,ARG,Argentina,San Juan,
17055571,05/20/2020,4,0,,,,,-30.86179,-68.88118,AR,ARG,Argentina,San Juan,
17461627,05/21/2020,4,0,,,,,-30.86179,-68.88118,AR,ARG,Argentina,San Juan,
17858272,05/22/2020,4,0,,,,,-30.86179,-68.88118,AR,ARG,Argentina,San Juan,
18284798,05/23/2020,4,0,,,,,-30.86179,-68.88118,AR,ARG,Argentina,San Juan,
18684542,05/24/2020,4,0,,,,,-30.86179,-68.88118,AR,ARG,Argentina,San Juan,
19070252,05/25/2020,4,0,,,,,-30.86179,-68.88118,AR,ARG,Argentina,San Juan,
19508039,05/26/2020,4,0,,,,,-30.86179,-68.88118,AR,ARG,Argentina,San Juan,
20119271,05/27/2020,4,0,,,,,-30.86179,-68.88118,AR,ARG,Argentina,San Juan,
20686793,05/28/2020,5,1,,,,,-30.86179,-68.88118,AR,ARG,Argentina,San Juan,
21231497,05/29/2020,5,0,,,,,-30.86179,-68.88118,AR,ARG,Argentina,San Juan,
21797125,05/30/2020,5,0,,,,,-30.86179,-68.88118,AR,ARG,Argentina,San Juan,
22323691,05/31/2020,5,0,,,,,-30.86179,-68.88118,AR,ARG,Argentina,San Juan,
22919033,06/01/2020,5,0,,,,,-30.86179,-68.88118,AR,ARG,Argentina,San Juan,
23453145,06/02/2020,5,0,,,,,-30.86179,-68.88118,AR,ARG,Argentina,San Juan,
23988493,06/03/2020,5,0,,,,,-30.86179,-68.88118,AR,ARG,Argentina,San Juan,
24516285,06/04/2020,5,0,,,,,-30.86179,-68.88118,AR,ARG,Argentina,San Juan,
1367955,03/26/2020,1,,,,,,-27.80532,-64.26122,AR,ARG,Argentina,Santiago del Estero,
5310797,04/15/2020,12,11,,,,,-27.80532,-64.26122,AR,ARG,Argentina,Santiago del Estero,
5430619,04/17/2020,12,0,,,,,-27.80532,-64.26122,AR,ARG,Argentina,Santiago del Estero,
5453742,04/19/2020,12,0,,,,,-27.80532,-64.26122,AR,ARG,Argentina,Santiago del Estero,
5492201,04/21/2020,12,0,,,,,-27.80532,-64.26122,AR,ARG,Argentina,Santiago del Estero,
6530049,04/23/2020,12,0,,,,,-27.80532,-64.26122,AR,ARG,Argentina,Santiago del Estero,
6945936,04/25/2020,12,0,,,,,-27.80532,-64.26122,AR,ARG,Argentina,Santiago del Estero,
7023460,04/27/2020,15,3,,,,,-27.80532,-64.26122,AR,ARG,Argentina,Santiago del Estero,
7518428,04/29/2020,15,0,,,,,-27.80532,-64.26122,AR,ARG,Argentina,Santiago del Estero,
8001386,04/30/2020,15,0,,,,,-27.80532,-64.26122,AR,ARG,Argentina,Santiago del Estero,
8478639,05/01/2020,15,0,,,,,-27.80532,-64.26122,AR,ARG,Argentina,Santiago del Estero,
8920248,05/02/2020,15,0,,,,,-27.80532,-64.26122,AR,ARG,Argentina,Santiago del Estero,
9388281,05/03/2020,15,0,,,,,-27.80532,-64.26122,AR,ARG,Argentina,Santiago del Estero,
9861634,05/04/2020,15,0,,,,,-27.80532,-64.26122,AR,ARG,Argentina,Santiago del Estero,
10306454,05/05/2020,15,0,,,,,-27.80532,-64.26122,AR,ARG,Argentina,Santiago del Estero,
10776780,05/06/2020,15,0,,,,,-27.80532,-64.26122,AR,ARG,Argentina,Santiago del Estero,
11282870,05/07/2020,15,0,,,,,-27.80532,-64.26122,AR,ARG,Argentina,Santiago del Estero,
11776960,05/08/2020,15,0,,,,,-27.80532,-64.26122,AR,ARG,Argentina,Santiago del Estero,
12224922,05/09/2020,15,0,,,,,-27.80532,-64.26122,AR,ARG,Argentina,Santiago del Estero,
12674597,05/10/2020,15,0,,,,,-27.80532,-64.26122,AR,ARG,Argentina,Santiago del Estero,
13153159,05/11/2020,16,1,,,,,-27.80532,-64.26122,AR,ARG,Argentina,Santiago del Estero,
13611087,05/12/2020,16,0,,,,,-27.80532,-64.26122,AR,ARG,Argentina,Santiago del Estero,
14064596,05/13/2020,16,0,,,,,-27.80532,-64.26122,AR,ARG,Argentina,Santiago del Estero,
14493906,05/14/2020,16,0,,,,,-27.80532,-64.26122,AR,ARG,Argentina,Santiago del Estero,
14920451,05/15/2020,16,0,,,,,-27.80532,-64.26122,AR,ARG,Argentina,Santiago del Estero,
15335000,05/16/2020,16,0,,,,,-27.80532,-64.26122,AR,ARG,Argentina,Santiago del Estero,
15762882,05/17/2020,16,0,,,,,-27.80532,-64.26122,AR,ARG,Argentina,Santiago del Estero,
16188177,05/18/2020,16,0,,,,,-27.80532,-64.26122,AR,ARG,Argentina,Santiago del Estero,
16634096,05/19/2020,16,0,,,,,-27.80532,-64.26122,AR,ARG,Argentina,Santiago del Estero,
17055565,05/20/2020,22,6,,,,,-27.80532,-64.26122,AR,ARG,Argentina,Santiago del Estero,
17461610,05/21/2020,22,0,,,,,-27.80532,-64.26122,AR,ARG,Argentina,Santiago del Estero,
17858266,05/22/2020,22,0,,,,,-27.80532,-64.26122,AR,ARG,Argentina,Santiago del Estero,
18284792,05/23/2020,22,0,,,,,-27.80532,-64.26122,AR,ARG,Argentina,Santiago del Estero,
18684536,05/24/2020,22,0,,,,,-27.80532,-64.26122,AR,ARG,Argentina,Santiago del Estero,
19070246,05/25/2020,22,0,,,,,-27.80532,-64.26122,AR,ARG,Argentina,Santiago del Estero,
19508033,05/26/2020,22,0,,,,,-27.80532,-64.26122,AR,ARG,Argentina,Santiago del Estero,
20119215,05/27/2020,22,0,,,,,-27.80532,-64.26122,AR,ARG,Argentina,Santiago del Estero,
20686782,05/28/2020,22,0,,,,,-27.80532,-64.26122,AR,ARG,Argentina,Santiago del Estero,
21231491,05/29/2020,22,0,,,,,-27.80532,-64.26122,AR,ARG,Argentina,Santiago del Estero,
21797113,05/30/2020,22,0,,,,,-27.80532,-64.26122,AR,ARG,Argentina,Santiago del Estero,
22323682,05/31/2020,22,0,,,,,-27.80532,-64.26122,AR,ARG,Argentina,Santiago del Estero,
22919027,06/01/2020,22,0,,,,,-27.80532,-64.26122,AR,ARG,Argentina,Santiago del Estero,
23453134,06/02/2020,22,0,,,,,-27.80532,-64.26122,AR,ARG,Argentina,Santiago del Estero,
23988477,06/03/2020,22,0,,,,,-27.80532,-64.26122,AR,ARG,Argentina,Santiago del Estero,
24516278,06/04/2020,22,0,,,,,-27.80532,-64.26122,AR,ARG,Argentina,Santiago del Estero,
1367942,03/26/2020,54,,,,,,-31.63665,-60.71203,AR,ARG,Argentina,Santa Fe,
5310784,04/15/2020,205,151,2,,,,-31.63665,-60.71203,AR,ARG,Argentina,Santa Fe,
5415906,04/16/2020,209,4,2,0,,,-31.63665,-60.71203,AR,ARG,Argentina,Santa Fe,
5435047,04/17/2020,212,3,2,0,,,-31.63665,-60.71203,AR,ARG,Argentina,Santa Fe,
5453720,04/19/2020,217,5,2,0,,,-31.63665,-60.71203,AR,ARG,Argentina,Santa Fe,
5462415,04/20/2020,222,5,2,0,,,-31.63665,-60.71203,AR,ARG,Argentina,Santa Fe,
5488833,04/21/2020,224,2,2,0,,,-31.63665,-60.71203,AR,ARG,Argentina,Santa Fe,
5531493,04/22/2020,225,1,2,0,,,-31.63665,-60.71203,AR,ARG,Argentina,Santa Fe,
6303584,04/23/2020,230,5,2,0,,,-31.63665,-60.71203,AR,ARG,Argentina,Santa Fe,
6885841,04/24/2020,236,6,2,0,,,-31.63665,-60.71203,AR,ARG,Argentina,Santa Fe,
6979888,04/26/2020,239,3,2,0,,,-31.63665,-60.71203,AR,ARG,Argentina,Santa Fe,
7023453,04/27/2020,242,3,2,0,,,-31.63665,-60.71203,AR,ARG,Argentina,Santa Fe,
7518415,04/29/2020,243,1,2,0,,,-31.63665,-60.71203,AR,ARG,Argentina,Santa Fe,
8001360,04/30/2020,243,0,2,0,,,-31.63665,-60.71203,AR,ARG,Argentina,Santa Fe,
8478626,05/01/2020,243,0,2,0,,,-31.63665,-60.71203,AR,ARG,Argentina,Santa Fe,
8920235,05/02/2020,243,0,2,0,,,-31.63665,-60.71203,AR,ARG,Argentina,Santa Fe,
9388257,05/03/2020,243,0,2,0,,,-31.63665,-60.71203,AR,ARG,Argentina,Santa Fe,
9861621,05/04/2020,243,0,2,0,,,-31.63665,-60.71203,AR,ARG,Argentina,Santa Fe,
10306429,05/05/2020,243,0,2,0,,,-31.63665,-60.71203,AR,ARG,Argentina,Santa Fe,
10776756,05/06/2020,244,1,2,0,,,-31.63665,-60.71203,AR,ARG,Argentina,Santa Fe,
11282823,05/07/2020,244,0,2,0,,,-31.63665,-60.71203,AR,ARG,Argentina,Santa Fe,
11776912,05/08/2020,244,0,3,1,,,-31.63665,-60.71203,AR,ARG,Argentina,Santa Fe,
12224897,05/09/2020,244,0,3,0,,,-31.63665,-60.71203,AR,ARG,Argentina,Santa Fe,
12674584,05/10/2020,244,0,3,0,,,-31.63665,-60.71203,AR,ARG,Argentina,Santa Fe,
13153115,05/11/2020,244,0,3,0,,,-31.63665,-60.71203,AR,ARG,Argentina,Santa Fe,
13611074,05/12/2020,244,0,3,0,,,-31.63665,-60.71203,AR,ARG,Argentina,Santa Fe,
14064583,05/13/2020,244,0,3,0,,,-31.63665,-60.71203,AR,ARG,Argentina,Santa Fe,
14493862,05/14/2020,244,0,3,0,,,-31.63665,-60.71203,AR,ARG,Argentina,Santa Fe,
14920428,05/15/2020,245,1,3,0,,,-31.63665,-60.71203,AR,ARG,Argentina,Santa Fe,
15334987,05/16/2020,246,1,3,0,,,-31.63665,-60.71203,AR,ARG,Argentina,Santa Fe,
15762829,05/17/2020,247,1,3,0,,,-31.63665,-60.71203,AR,ARG,Argentina,Santa Fe,
16188156,05/18/2020,248,1,3,0,,,-31.63665,-60.71203,AR,ARG,Argentina,Santa Fe,
16634083,05/19/2020,249,1,3,0,,,-31.63665,-60.71203,AR,ARG,Argentina,Santa Fe,
17055552,05/20/2020,250,1,3,0,,,-31.63665,-60.71203,AR,ARG,Argentina,Santa Fe,
17461573,05/21/2020,252,2,3,0,,,-31.63665,-60.71203,AR,ARG,Argentina,Santa Fe,
17858253,05/22/2020,254,2,3,0,,,-31.63665,-60.71203,AR,ARG,Argentina,Santa Fe,
18284779,05/23/2020,255,1,3,0,,,-31.63665,-60.71203,AR,ARG,Argentina,Santa Fe,
18684523,05/24/2020,256,1,3,0,,,-31.63665,-60.71203,AR,ARG,Argentina,Santa Fe,
19070233,05/25/2020,257,1,3,0,,,-31.63665,-60.71203,AR,ARG,Argentina,Santa Fe,
19508020,05/26/2020,259,2,3,0,,,-31.63665,-60.71203,AR,ARG,Argentina,Santa Fe,
20119158,05/27/2020,261,2,3,0,,,-31.63665,-60.71203,AR,ARG,Argentina,Santa Fe,
20686757,05/28/2020,261,0,3,0,,,-31.63665,-60.71203,AR,ARG,Argentina,Santa Fe,
21231478,05/29/2020,261,0,3,0,,,-31.63665,-60.71203,AR,ARG,Argentina,Santa Fe,
21797088,05/30/2020,261,0,3,0,,,-31.63665,-60.71203,AR,ARG,Argentina,Santa Fe,
22323661,05/31/2020,261,0,3,0,,,-31.63665,-60.71203,AR,ARG,Argentina,Santa Fe,
22919014,06/01/2020,262,1,3,0,,,-31.63665,-60.71203,AR,ARG,Argentina,Santa Fe,
23453121,06/02/2020,265,3,3,0,,,-31.63665,-60.71203,AR,ARG,Argentina,Santa Fe,
23988445,06/03/2020,266,1,3,0,,,-31.63665,-60.71203,AR,ARG,Argentina,Santa Fe,
24516265,06/04/2020,268,2,3,0,,,-31.63665,-60.71203,AR,ARG,Argentina,Santa Fe,
1367953,03/26/2020,6,,,,,,-33.3022,-66.33759,AR,ARG,Argentina,San Luis,
5310795,04/15/2020,11,5,,,,,-33.3022,-66.33759,AR,ARG,Argentina,San Luis,
5430617,04/17/2020,11,0,,,,,-33.3022,-66.33759,AR,ARG,Argentina,San Luis,
5453739,04/19/2020,11,0,,,,,-33.3022,-66.33759,AR,ARG,Argentina,San Luis,
5492200,04/21/2020,11,0,,,,,-33.3022,-66.33759,AR,ARG,Argentina,San Luis,
6530042,04/23/2020,11,0,,,,,-33.3022,-66.33759,AR,ARG,Argentina,San Luis,
6945935,04/25/2020,11,0,,,,,-33.3022,-66.33759,AR,ARG,Argentina,San Luis,
7044864,04/27/2020,11,0,,,,,-33.3022,-66.33759,AR,ARG,Argentina,San Luis,
7518426,04/29/2020,11,0,,,,,-33.3022,-66.33759,AR,ARG,Argentina,San Luis,
8001382,04/30/2020,11,0,,,,,-33.3022,-66.33759,AR,ARG,Argentina,San Luis,
8478637,05/01/2020,11,0,,,,,-33.3022,-66.33759,AR,ARG,Argentina,San Luis,
8920246,05/02/2020,11,0,,,,,-33.3022,-66.33759,AR,ARG,Argentina,San Luis,
9388279,05/03/2020,11,0,,,,,-33.3022,-66.33759,AR,ARG,Argentina,San Luis,
9861632,05/04/2020,11,0,,,,,-33.3022,-66.33759,AR,ARG,Argentina,San Luis,
10306450,05/05/2020,11,0,,,,,-33.3022,-66.33759,AR,ARG,Argentina,San Luis,
10776776,05/06/2020,11,0,,,,,-33.3022,-66.33759,AR,ARG,Argentina,San Luis,
11282863,05/07/2020,11,0,,,,,-33.3022,-66.33759,AR,ARG,Argentina,San Luis,
11776953,05/08/2020,11,0,,,,,-33.3022,-66.33759,AR,ARG,Argentina,San Luis,
12224920,05/09/2020,11,0,,,,,-33.3022,-66.33759,AR,ARG,Argentina,San Luis,
12674595,05/10/2020,11,0,,,,,-33.3022,-66.33759,AR,ARG,Argentina,San Luis,
13153152,05/11/2020,11,0,,,,,-33.3022,-66.33759,AR,ARG,Argentina,San Luis,
13611085,05/12/2020,11,0,,,,,-33.3022,-66.33759,AR,ARG,Argentina,San Luis,
14064594,05/13/2020,11,0,,,,,-33.3022,-66.33759,AR,ARG,Argentina,San Luis,
14493899,05/14/2020,11,0,,,,,-33.3022,-66.33759,AR,ARG,Argentina,San Luis,
14920447,05/15/2020,11,0,,,,,-33.3022,-66.33759,AR,ARG,Argentina,San Luis,
15334998,05/16/2020,11,0,,,,,-33.3022,-66.33759,AR,ARG,Argentina,San Luis,
15762877,05/17/2020,11,0,,,,,-33.3022,-66.33759,AR,ARG,Argentina,San Luis,
16188175,05/18/2020,11,0,,,,,-33.3022,-66.33759,AR,ARG,Argentina,San Luis,
16634094,05/19/2020,11,0,,,,,-33.3022,-66.33759,AR,ARG,Argentina,San Luis,
17055563,05/20/2020,11,0,,,,,-33.3022,-66.33759,AR,ARG,Argentina,San Luis,
17461604,05/21/2020,11,0,,,,,-33.3022,-66.33759,AR,ARG,Argentina,San Luis,
17858264,05/22/2020,11,0,,,,,-33.3022,-66.33759,AR,ARG,Argentina,San Luis,
18284790,05/23/2020,11,0,,,,,-33.3022,-66.33759,AR,ARG,Argentina,San Luis,
18684534,05/24/2020,11,0,,,,,-33.3022,-66.33759,AR,ARG,Argentina,San Luis,
19070244,05/25/2020,11,0,,,,,-33.3022,-66.33759,AR,ARG,Argentina,San Luis,
19508031,05/26/2020,11,0,,,,,-33.3022,-66.33759,AR,ARG,Argentina,San Luis,
20119201,05/27/2020,11,0,,,,,-33.3022,-66.33759,AR,ARG,Argentina,San Luis,
20686778,05/28/2020,11,0,,,,,-33.3022,-66.33759,AR,ARG,Argentina,San Luis,
21231489,05/29/2020,11,0,,,,,-33.3022,-66.33759,AR,ARG,Argentina,San Luis,
21797109,05/30/2020,11,0,,,,,-33.3022,-66.33759,AR,ARG,Argentina,San Luis,
22323678,05/31/2020,11,0,,,,,-33.3022,-66.33759,AR,ARG,Argentina,San Luis,
22919025,06/01/2020,11,0,,,,,-33.3022,-66.33759,AR,ARG,Argentina,San Luis,
23453132,06/02/2020,11,0,,,,,-33.3022,-66.33759,AR,ARG,Argentina,San Luis,
23988471,06/03/2020,11,0,,,,,-33.3022,-66.33759,AR,ARG,Argentina,San Luis,
24516276,06/04/2020,11,0,,,,,-33.3022,-66.33759,AR,ARG,Argentina,San Luis,
5310786,04/15/2020,99,,0,,,,-54.362,-67.638,AR,ARG,Argentina,"Tierra del Fuego, Antarctica, and South Atlantic Islands",
5415908,04/16/2020,110,11,0,0,,,-54.362,-67.638,AR,ARG,Argentina,"Tierra del Fuego, Antarctica, and South Atlantic Islands",
5435048,04/17/2020,117,7,0,0,,,-54.362,-67.638,AR,ARG,Argentina,"Tierra del Fuego, Antarctica, and South Atlantic Islands",
5453721,04/19/2020,119,2,0,0,,,-54.362,-67.638,AR,ARG,Argentina,"Tierra del Fuego, Antarctica, and South Atlantic Islands",
5462416,04/20/2020,122,3,0,0,,,-54.362,-67.638,AR,ARG,Argentina,"Tierra del Fuego, Antarctica, and South Atlantic Islands",
5531494,04/22/2020,124,2,0,0,,,-54.362,-67.638,AR,ARG,Argentina,"Tierra del Fuego, Antarctica, and South Atlantic Islands",
6885842,04/24/2020,125,1,0,0,,,-54.362,-67.638,AR,ARG,Argentina,"Tierra del Fuego, Antarctica, and South Atlantic Islands",
6979889,04/26/2020,127,2,0,0,,,-54.362,-67.638,AR,ARG,Argentina,"Tierra del Fuego, Antarctica, and South Atlantic Islands",
7023454,04/27/2020,130,3,0,0,,,-54.362,-67.638,AR,ARG,Argentina,"Tierra del Fuego, Antarctica, and South Atlantic Islands",
7075276,04/28/2020,131,1,0,0,,,-54.362,-67.638,AR,ARG,Argentina,"Tierra del Fuego, Antarctica, and South Atlantic Islands",
7518417,04/29/2020,137,6,0,0,,,-54.362,-67.638,AR,ARG,Argentina,"Tierra del Fuego, Antarctica, and South Atlantic Islands",
8001364,04/30/2020,138,1,0,0,,,-54.362,-67.638,AR,ARG,Argentina,"Tierra del Fuego, Antarctica, and South Atlantic Islands",
8478628,05/01/2020,139,1,0,0,,,-54.362,-67.638,AR,ARG,Argentina,"Tierra del Fuego, Antarctica, and South Atlantic Islands",
8920237,05/02/2020,141,2,0,0,,,-54.362,-67.638,AR,ARG,Argentina,"Tierra del Fuego, Antarctica, and South Atlantic Islands",
9388263,05/03/2020,143,2,0,0,,,-54.362,-67.638,AR,ARG,Argentina,"Tierra del Fuego, Antarctica, and South Atlantic Islands",
9861623,05/04/2020,145,2,0,0,,,-54.362,-67.638,AR,ARG,Argentina,"Tierra del Fuego, Antarctica, and South Atlantic Islands",
10306433,05/05/2020,145,0,0,0,,,-54.362,-67.638,AR,ARG,Argentina,"Tierra del Fuego, Antarctica, and South Atlantic Islands",
10776760,05/06/2020,145,0,0,0,,,-54.362,-67.638,AR,ARG,Argentina,"Tierra del Fuego, Antarctica, and South Atlantic Islands",
11282829,05/07/2020,145,0,0,0,,,-54.362,-67.638,AR,ARG,Argentina,"Tierra del Fuego, Antarctica, and South Atlantic Islands",
11776920,05/08/2020,145,0,0,0,,,-54.362,-67.638,AR,ARG,Argentina,"Tierra del Fuego, Antarctica, and South Atlantic Islands",
12224904,05/09/2020,146,1,0,0,,,-54.362,-67.638,AR,ARG,Argentina,"Tierra del Fuego, Antarctica, and South Atlantic Islands",
12674586,05/10/2020,147,1,0,0,,,-54.362,-67.638,AR,ARG,Argentina,"Tierra del Fuego, Antarctica, and South Atlantic Islands",
13153122,05/11/2020,148,1,0,0,,,-54.362,-67.638,AR,ARG,Argentina,"Tierra del Fuego, Antarctica, and South Atlantic Islands",
13611076,05/12/2020,148,0,0,0,,,-54.362,-67.638,AR,ARG,Argentina,"Tierra del Fuego, Antarctica, and South Atlantic Islands",
14064585,05/13/2020,148,0,0,0,,,-54.362,-67.638,AR,ARG,Argentina,"Tierra del Fuego, Antarctica, and South Atlantic Islands",
14493869,05/14/2020,148,0,0,0,,,-54.362,-67.638,AR,ARG,Argentina,"Tierra del Fuego, Antarctica, and South Atlantic Islands",
14920431,05/15/2020,148,0,0,0,,,-54.362,-67.638,AR,ARG,Argentina,"Tierra del Fuego, Antarctica, and South Atlantic Islands",
15334989,05/16/2020,148,0,0,0,,,-54.362,-67.638,AR,ARG,Argentina,"Tierra del Fuego, Antarctica, and South Atlantic Islands",
15762843,05/17/2020,148,0,0,0,,,-54.362,-67.638,AR,ARG,Argentina,"Tierra del Fuego, Antarctica, and South Atlantic Islands",
16188161,05/18/2020,148,0,0,0,,,-54.362,-67.638,AR,ARG,Argentina,"Tierra del Fuego, Antarctica, and South Atlantic Islands",
16634085,05/19/2020,148,0,0,0,,,-54.362,-67.638,AR,ARG,Argentina,"Tierra del Fuego, Antarctica, and South Atlantic Islands",
17055554,05/20/2020,148,0,0,0,,,-54.362,-67.638,AR,ARG,Argentina,"Tierra del Fuego, Antarctica, and South Atlantic Islands",
17461579,05/21/2020,148,0,0,0,,,-54.362,-67.638,AR,ARG,Argentina,"Tierra del Fuego, Antarctica, and South Atlantic Islands",
17858255,05/22/2020,148,0,0,0,,,-54.362,-67.638,AR,ARG,Argentina,"Tierra del Fuego, Antarctica, and South Atlantic Islands",
18284781,05/23/2020,148,0,0,0,,,-54.362,-67.638,AR,ARG,Argentina,"Tierra del Fuego, Antarctica, and South Atlantic Islands",
18684525,05/24/2020,148,0,0,0,,,-54.362,-67.638,AR,ARG,Argentina,"Tierra del Fuego, Antarctica, and South Atlantic Islands",
19070235,05/25/2020,148,0,0,0,,,-54.362,-67.638,AR,ARG,Argentina,"Tierra del Fuego, Antarctica, and South Atlantic Islands",
19508022,05/26/2020,148,0,0,0,,,-54.362,-67.638,AR,ARG,Argentina,"Tierra del Fuego, Antarctica, and South Atlantic Islands",
20119162,05/27/2020,148,0,0,0,,,-54.362,-67.638,AR,ARG,Argentina,"Tierra del Fuego, Antarctica, and South Atlantic Islands",
20686761,05/28/2020,149,1,0,0,,,-54.362,-67.638,AR,ARG,Argentina,"Tierra del Fuego, Antarctica, and South Atlantic Islands",
21231480,05/29/2020,149,0,0,0,,,-54.362,-67.638,AR,ARG,Argentina,"Tierra del Fuego, Antarctica, and South Atlantic Islands",
21797092,05/30/2020,149,0,0,0,,,-54.362,-67.638,AR,ARG,Argentina,"Tierra del Fuego, Antarctica, and South Atlantic Islands",
22323665,05/31/2020,149,0,0,0,,,-54.362,-67.638,AR,ARG,Argentina,"Tierra del Fuego, Antarctica, and South Atlantic Islands",
22919016,06/01/2020,149,0,0,0,,,-54.362,-67.638,AR,ARG,Argentina,"Tierra del Fuego, Antarctica, and South Atlantic Islands",
23453123,06/02/2020,149,0,0,0,,,-54.362,-67.638,AR,ARG,Argentina,"Tierra del Fuego, Antarctica, and South Atlantic Islands",
23988449,06/03/2020,149,0,0,0,,,-54.362,-67.638,AR,ARG,Argentina,"Tierra del Fuego, Antarctica, and South Atlantic Islands",
24516267,06/04/2020,149,0,0,0,,,-54.362,-67.638,AR,ARG,Argentina,"Tierra del Fuego, Antarctica, and South Atlantic Islands",
1367943,03/26/2020,9,,,,,,-26.94703,-65.3654,AR,ARG,Argentina,Tucuman,
5310785,04/15/2020,30,,3,,,,-26.94703,-65.3654,AR,ARG,Argentina,Tucuman,
5415907,04/16/2020,30,0,4,1,,,-26.94703,-65.3654,AR,ARG,Argentina,Tucuman,
5447478,04/18/2020,30,0,4,0,,,-26.94703,-65.3654,AR,ARG,Argentina,Tucuman,
5465176,04/20/2020,30,0,4,0,,,-26.94703,-65.3654,AR,ARG,Argentina,Tucuman,
5488834,04/21/2020,31,1,4,0,,,-26.94703,-65.3654,AR,ARG,Argentina,Tucuman,
6303585,04/23/2020,35,4,4,0,,,-26.94703,-65.3654,AR,ARG,Argentina,Tucuman,
6930420,04/25/2020,35,0,4,0,,,-26.94703,-65.3654,AR,ARG,Argentina,Tucuman,
7026659,04/27/2020,35,0,4,0,,,-26.94703,-65.3654,AR,ARG,Argentina,Tucuman,
7518416,04/29/2020,36,1,4,0,,,-26.94703,-65.3654,AR,ARG,Argentina,Tucuman,
8001362,04/30/2020,36,0,4,0,,,-26.94703,-65.3654,AR,ARG,Argentina,Tucuman,
8478627,05/01/2020,36,0,4,0,,,-26.94703,-65.3654,AR,ARG,Argentina,Tucuman,
8920236,05/02/2020,36,0,4,0,,,-26.94703,-65.3654,AR,ARG,Argentina,Tucuman,
9388260,05/03/2020,36,0,4,0,,,-26.94703,-65.3654,AR,ARG,Argentina,Tucuman,
9861622,05/04/2020,38,2,4,0,,,-26.94703,-65.3654,AR,ARG,Argentina,Tucuman,
10306431,05/05/2020,41,3,4,0,,,-26.94703,-65.3654,AR,ARG,Argentina,Tucuman,
10776758,05/06/2020,41,0,4,0,,,-26.94703,-65.3654,AR,ARG,Argentina,Tucuman,
11282827,05/07/2020,41,0,4,0,,,-26.94703,-65.3654,AR,ARG,Argentina,Tucuman,
11776916,05/08/2020,41,0,4,0,,,-26.94703,-65.3654,AR,ARG,Argentina,Tucuman,
12224900,05/09/2020,41,0,4,0,,,-26.94703,-65.3654,AR,ARG,Argentina,Tucuman,
12674585,05/10/2020,41,0,4,0,,,-26.94703,-65.3654,AR,ARG,Argentina,Tucuman,
13153119,05/11/2020,41,0,4,0,,,-26.94703,-65.3654,AR,ARG,Argentina,Tucuman,
13611075,05/12/2020,42,1,4,0,,,-26.94703,-65.3654,AR,ARG,Argentina,Tucuman,
14064584,05/13/2020,42,0,4,0,,,-26.94703,-65.3654,AR,ARG,Argentina,Tucuman,
14493865,05/14/2020,42,0,4,0,,,-26.94703,-65.3654,AR,ARG,Argentina,Tucuman,
14920429,05/15/2020,42,0,4,0,,,-26.94703,-65.3654,AR,ARG,Argentina,Tucuman,
15334988,05/16/2020,42,0,4,0,,,-26.94703,-65.3654,AR,ARG,Argentina,Tucuman,
15762835,05/17/2020,42,0,4,0,,,-26.94703,-65.3654,AR,ARG,Argentina,Tucuman,
16188158,05/18/2020,42,0,4,0,,,-26.94703,-65.3654,AR,ARG,Argentina,Tucuman,
16634084,05/19/2020,42,0,4,0,,,-26.94703,-65.3654,AR,ARG,Argentina,Tucuman,
17055553,05/20/2020,42,0,4,0,,,-26.94703,-65.3654,AR,ARG,Argentina,Tucuman,
17461576,05/21/2020,42,0,4,0,,,-26.94703,-65.3654,AR,ARG,Argentina,Tucuman,
17858254,05/22/2020,43,1,4,0,,,-26.94703,-65.3654,AR,ARG,Argentina,Tucuman,
18284780,05/23/2020,43,0,4,0,,,-26.94703,-65.3654,AR,ARG,Argentina,Tucuman,
18684524,05/24/2020,43,0,4,0,,,-26.94703,-65.3654,AR,ARG,Argentina,Tucuman,
19070234,05/25/2020,43,0,4,0,,,-26.94703,-65.3654,AR,ARG,Argentina,Tucuman,
19508021,05/26/2020,47,4,4,0,,,-26.94703,-65.3654,AR,ARG,Argentina,Tucuman,
20119160,05/27/2020,47,0,4,0,,,-26.94703,-65.3654,AR,ARG,Argentina,Tucuman,
20686759,05/28/2020,47,0,4,0,,,-26.94703,-65.3654,AR,ARG,Argentina,Tucuman,
21231479,05/29/2020,47,0,4,0,,,-26.94703,-65.3654,AR,ARG,Argentina,Tucuman,
21797090,05/30/2020,47,0,4,0,,,-26.94703,-65.3654,AR,ARG,Argentina,Tucuman,
22323663,05/31/2020,47,0,4,0,,,-26.94703,-65.3654,AR,ARG,Argentina,Tucuman,
22919015,06/01/2020,48,1,4,0,,,-26.94703,-65.3654,AR,ARG,Argentina,Tucuman,
23453122,06/02/2020,48,0,4,0,,,-26.94703,-65.3654,AR,ARG,Argentina,Tucuman,
23988446,06/03/2020,48,0,4,0,,,-26.94703,-65.3654,AR,ARG,Argentina,Tucuman,
24516266,06/04/2020,48,0,4,0,,,-26.94703,-65.3654,AR,ARG,Argentina,Tucuman,
